Workbook

Sheet Raw Data
A1: Sector | B1: Year | C1: Month | D1: Cereals and products | E1: Meat and fish | F1: Egg | G1: Milk and products | H1: Oils and fats | I1: Fruits | J1: Vegetables | K1: Pulses and products | L1: Sugar and Confectionery | M1: Spices | N1: Non-alcoholic beverages | O1: Prepared meals, snacks, sweets etc. | P1: Food and beverages | Q1: Pan, tobacco and intoxicants | R1: Clothing | S1: Footwear | T1: Clothing and footwear | U1: Housing | V1: Fuel and light | W1: Household goods and services | X1: Health | Y1: Transport and communication | Z1: Recreation and amusement | AA1: Education | AB1: Personal care and effects | AC1: Miscellaneous | AD1: General index
A2: Rural | B2: 2013 | C2: January | D2: 107.5 | E2: 106.3 | F2: 108.1 | G2: 104.9 | H2: 106.1 | I2: 103.9 | J2: 101.9 | K2: 106.1 | L2: 106.8 | M2: 103.1 | N2: 104.8 | O2: 106.7 | P2: 105.5 | Q2: 105.1 | R2: 106.5 | S2: 105.8 | T2: 106.4 | U2: NA | V2: 105.5 | W2: 104.8 | X2: 104 | Y2: 103.3 | Z2: 103.4 | AA2: 103.8 | AB2: 104.7 | AC2: 104 | AD2: 105.1
A3: Urban | B3: 2013 | C3: January | D3: 110.5 | E3: 109.1 | F3: 113 | G3: 103.6 | H3: 103.4 | I3: 102.3 | J3: 102.9 | K3: 105.8 | L3: 105.1 | M3: 101.8 | N3: 105.1 | O3: 107.9 | P3: 105.9 | Q3: 105.2 | R3: 105.9 | S3: 105 | T3: 105.8 | U3: 100.3 | V3: 105.4 | W3: 104.8 | X3: 104.1 | Y3: 103.2 | Z3: 102.9 | AA3: 103.5 | AB3: 104.3 | AC3: 103.7 | AD3: 104
A4: Rural+Urban | B4: 2013 | C4: January | D4: 108.4 | E4: 107.3 | F4: 110 | G4: 104.4 | H4: 105.1 | I4: 103.2 | J4: 102.2 | K4: 106 | L4: 106.2 | M4: 102.7 | N4: 104.9 | O4: 107.3 | P4: 105.6 | Q4: 105.1 | R4: 106.3 | S4: 105.5 | T4: 106.2 | U4: 100.3 | V4: 105.5 | W4: 104.8 | X4: 104 | Y4: 103.2 | Z4: 103.1 | AA4: 103.6 | AB4: 104.5 | AC4: 103.9 | AD4: 104.6
A5: Rural | B5: 2013 | C5: February | D5: 109.2 | E5: 108.7 | F5: 110.2 | G5: 105.4 | H5: 106.7 | I5: 104 | J5: 102.4 | K5: 105.9 | L5: 105.7 | M5: 103.1 | N5: 105.1 | O5: 107.7 | P5: 106.3 | Q5: 105.6 | R5: 107.1 | S5: 106.3 | T5: 107 | U5: NA | V5: 106.2 | W5: 105.2 | X5: 104.4 | Y5: 103.9 | Z5: 104 | AA5: 104.1 | AB5: 104.6 | AC5: 104.4 | AD5: 105.8
A6: Urban | B6: 2013 | C6: February | D6: 112.9 | E6: 112.9 | F6: 116.9 | G6: 104 | H6: 103.5 | I6: 103.1 | J6: 104.9 | K6: 104.1 | L6: 103.8 | M6: 102.3 | N6: 106 | O6: 109 | P6: 107.2 | Q6: 106 | R6: 106.6 | S6: 105.5 | T6: 106.4 | U6: 100.4 | V6: 105.7 | W6: 105.2 | X6: 104.7 | Y6: 104.4 | Z6: 103.3 | AA6: 103.7 | AB6: 104.3 | AC6: 104.3 | AD6: 104.7
A7: Rural+Urban | B7: 2013 | C7: February | D7: 110.4 | E7: 110.2 | F7: 112.8 | G7: 104.9 | H7: 105.5 | I7: 103.6 | J7: 103.2 | K7: 105.3 | L7: 105.1 | M7: 102.8 | N7: 105.5 | O7: 108.3 | P7: 106.6 | Q7: 105.7 | R7: 106.9 | S7: 106 | T7: 106.8 | U7: 100.4 | V7: 106 | W7: 105.2 | X7: 104.5 | Y7: 104.2 | Z7: 103.6 | AA7: 103.9 | AB7: 104.5 | AC7: 104.4 | AD7: 105.3
A8: Rural | B8: 2013 | C8: March | D8: 110.2 | E8: 108.8 | F8: 109.9 | G8: 105.6 | H8: 106.2 | I8: 105.7 | J8: 101.4 | K8: 105.7 | L8: 105 | M8: 103.3 | N8: 105.6 | O8: 108.2 | P8: 106.6 | Q8: 106.5 | R8: 107.6 | S8: 106.8 | T8: 107.5 | U8: NA | V8: 106.1 | W8: 105.6 | X8: 104.7 | Y8: 104.6 | Z8: 104 | AA8: 104.3 | AB8: 104.3 | AC8: 104.6 | AD8: 106
A9: Urban | B9: 2013 | C9: March | D9: 113.9 | E9: 111.4 | F9: 113.2 | G9: 104.3 | H9: 102.7 | I9: 104.9 | J9: 103.8 | K9: 103.5 | L9: 102.6 | M9: 102.4 | N9: 107 | O9: 109.8 | P9: 107.3 | Q9: 106.8 | R9: 107.2 | S9: 106 | T9: 107 | U9: 100.4 | V9: 106 | W9: 105.7 | X9: 105.2 | Y9: 105.5 | Z9: 103.5 | AA9: 103.8 | AB9: 104.2 | AC9: 104.9 | AD9: 105
A10: Rural+Urban | B10: 2013 | C10: March | D10: 111.4 | E10: 109.7 | F10: 111.2 | G10: 105.1 | H10: 104.9 | I10: 105.3 | J10: 102.2 | K10: 105 | L10: 104.2 | M10: 103 | N10: 106.2 | O10: 108.9 | P10: 106.9 | Q10: 106.6 | R10: 107.4 | S10: 106.5 | T10: 107.3 | U10: 100.4 | V10: 106.1 | W10: 105.6 | X10: 104.9 | Y10: 105.1 | Z10: 103.7 | AA10: 104 | AB10: 104.3 | AC10: 104.7 | AD10: 105.5
A11: Rural | B11: 2013 | C11: April | D11: 110.2 | E11: 109.5 | F11: 106.9 | G11: 106.3 | H11: 105.7 | I11: 108.3 | J11: 103.4 | K11: 105.7 | L11: 104.2 | M11: 103.2 | N11: 106.5 | O11: 108.8 | P11: 107.1 | Q11: 107.1 | R11: 108.1 | S11: 107.4 | T11: 108 | U11: NA | V11: 106.5 | W11: 106.1 | X11: 105.1 | Y11: 104.4 | Z11: 104.5 | AA11: 104.8 | AB11: 102.7 | AC11: 104.6 | AD11: 106.4
A12: Urban | B12: 2013 | C12: April | D12: 114.6 | E12: 113.4 | F12: 106 | G12: 104.7 | H12: 102.1 | I12: 109.5 | J12: 109.7 | K12: 104.6 | L12: 102 | M12: 103.5 | N12: 108.2 | O12: 110.6 | P12: 108.8 | Q12: 108.5 | R12: 107.9 | S12: 106.4 | T12: 107.7 | U12: 100.5 | V12: 106.4 | W12: 106.5 | X12: 105.7 | Y12: 105 | Z12: 104 | AA12: 105.2 | AB12: 103.2 | AC12: 105.1 | AD12: 105.7
A13: Rural+Urban | B13: 2013 | C13: April | D13: 111.6 | E13: 110.9 | F13: 106.6 | G13: 105.7 | H13: 104.4 | I13: 108.9 | J13: 105.5 | K13: 105.3 | L13: 103.5 | M13: 103.3 | N13: 107.2 | O13: 109.6 | P13: 107.7 | Q13: 107.5 | R13: 108 | S13: 107 | T13: 107.9 | U13: 100.5 | V13: 106.5 | W13: 106.3 | X13: 105.3 | Y13: 104.7 | Z13: 104.2 | AA13: 105 | AB13: 102.9 | AC13: 104.8 | AD13: 106.1
A14: Rural | B14: 2013 | C14: May | D14: 110.9 | E14: 109.8 | F14: 105.9 | G14: 107.5 | H14: 105.3 | I14: 108.1 | J14: 107.3 | K14: 106.1 | L14: 103.7 | M14: 104 | N14: 107.4 | O14: 109.9 | P14: 108.1 | Q14: 108.1 | R14: 108.8 | S14: 107.9 | T14: 108.6 | U14: NA | V14: 107.5 | W14: 106.8 | X14: 105.7 | Y14: 104.1 | Z14: 105 | AA14: 105.5 | AB14: 102.1 | AC14: 104.8 | AD14: 107.2
A15: Urban | B15: 2013 | C15: May | D15: 115.4 | E15: 114.2 | F15: 102.7 | G15: 105.5 | H15: 101.5 | I15: 110.6 | J15: 123.7 | K15: 105.2 | L15: 101.9 | M15: 105 | N15: 109.1 | O15: 111.3 | P15: 111.1 | Q15: 109.8 | R15: 108.5 | S15: 106.7 | T15: 108.3 | U15: 100.5 | V15: 107.2 | W15: 107.1 | X15: 106.2 | Y15: 103.9 | Z15: 104.6 | AA15: 105.7 | AB15: 102.6 | AC15: 104.9 | AD15: 106.6
A16: Rural+Urban | B16: 2013 | C16: May | D16: 112.3 | E16: 111.3 | F16: 104.7 | G16: 106.8 | H16: 103.9 | I16: 109.3 | J16: 112.9 | K16: 105.8 | L16: 103.1 | M16: 104.3 | N16: 108.1 | O16: 110.5 | P16: 109.2 | Q16: 108.6 | R16: 108.7 | S16: 107.4 | T16: 108.5 | U16: 100.5 | V16: 107.4 | W16: 106.9 | X16: 105.9 | Y16: 104 | Z16: 104.8 | AA16: 105.6 | AB16: 102.3 | AC16: 104.8 | AD16: 106.9
A17: Rural | B17: 2013 | C17: June | D17: 112.3 | E17: 112.1 | F17: 108.1 | G17: 108.3 | H17: 105.9 | I17: 109.2 | J17: 118 | K17: 106.8 | L17: 104.1 | M17: 105.4 | N17: 108.2 | O17: 111 | P17: 110.6 | Q17: 109 | R17: 109.7 | S17: 108.8 | T17: 109.5 | U17: NA | V17: 108.5 | W17: 107.5 | X17: 106.3 | Y17: 105 | Z17: 105.6 | AA17: 106.5 | AB17: 102.5 | AC17: 105.5 | AD17: 108.9
A18: Urban | B18: 2013 | C18: June | D18: 117 | E18: 120.1 | F18: 112.5 | G18: 107.3 | H18: 101.3 | I18: 112.4 | J18: 143.6 | K18: 105.4 | L18: 101.4 | M18: 106.4 | N18: 110 | O18: 112.2 | P18: 115 | Q18: 110.9 | R18: 109.2 | S18: 107.2 | T18: 108.9 | U18: 106.6 | V18: 108 | W18: 107.7 | X18: 106.5 | Y18: 105.2 | Z18: 105.2 | AA18: 108.1 | AB18: 103.3 | AC18: 106.1 | AD18: 109.7
A19: Rural+Urban | B19: 2013 | C19: June | D19: 113.8 | E19: 114.9 | F19: 109.8 | G19: 107.9 | H19: 104.2 | I19: 110.7 | J19: 126.7 | K19: 106.3 | L19: 103.2 | M19: 105.7 | N19: 109 | O19: 111.6 | P19: 112.2 | Q19: 109.5 | R19: 109.5 | S19: 108.1 | T19: 109.3 | U19: 106.6 | V19: 108.3 | W19: 107.6 | X19: 106.4 | Y19: 105.1 | Z19: 105.4 | AA19: 107.4 | AB19: 102.8 | AC19: 105.8 | AD19: 109.3
A20: Rural | B20: 2013 | C20: July | D20: 113.4 | E20: 114.9 | F20: 110.5 | G20: 109.3 | H20: 106.2 | I20: 110.3 | J20: 129.2 | K20: 107.1 | L20: 104.3 | M20: 106.4 | N20: 109.1 | O20: 112.1 | P20: 113.1 | Q20: 109.8 | R20: 110.5 | S20: 109.5 | T20: 110.3 | U20: NA | V20: 109.5 | W20: 108.3 | X20: 106.9 | Y20: 106.8 | Z20: 106.4 | AA20: 107.8 | AB20: 102.5 | AC20: 106.5 | AD20: 110.7
A21: Urban | B21: 2013 | C21: July | D21: 117.8 | E21: 119.2 | F21: 114 | G21: 108.3 | H21: 101.1 | I21: 113.2 | J21: 160.9 | K21: 105.1 | L21: 101.3 | M21: 107.5 | N21: 110.4 | O21: 113.1 | P21: 117.5 | Q21: 111.7 | R21: 109.8 | S21: 107.8 | T21: 109.5 | U21: 107.7 | V21: 108.6 | W21: 108.1 | X21: 107.1 | Y21: 107.3 | Z21: 105.9 | AA21: 110.1 | AB21: 103.2 | AC21: 107.3 | AD21: 111.4
A22: Rural+Urban | B22: 2013 | C22: July | D22: 114.8 | E22: 116.4 | F22: 111.9 | G22: 108.9 | H22: 104.3 | I22: 111.7 | J22: 140 | K22: 106.4 | L22: 103.3 | M22: 106.8 | N22: 109.6 | O22: 112.6 | P22: 114.7 | Q22: 110.3 | R22: 110.2 | S22: 108.8 | T22: 110 | U22: 107.7 | V22: 109.2 | W22: 108.2 | X22: 107 | Y22: 107.1 | Z22: 106.1 | AA22: 109.1 | AB22: 102.8 | AC22: 106.9 | AD22: 111
A23: Rural | B23: 2013 | C23: August | D23: 114.3 | E23: 115.4 | F23: 111.1 | G23: 110 | H23: 106.4 | I23: 110.8 | J23: 138.9 | K23: 107.4 | L23: 104.1 | M23: 106.9 | N23: 109.7 | O23: 112.6 | P23: 114.9 | Q23: 110.7 | R23: 111.3 | S23: 110.2 | T23: 111.1 | U23: NA | V23: 109.9 | W23: 108.7 | X23: 107.5 | Y23: 107.8 | Z23: 106.8 | AA23: 108.7 | AB23: 105 | AC23: 107.5 | AD23: 112.1
A24: Urban | B24: 2013 | C24: August | D24: 118.3 | E24: 120.4 | F24: 112.7 | G24: 108.9 | H24: 101.1 | I24: 108.7 | J24: 177 | K24: 104.7 | L24: 101 | M24: 108.5 | N24: 110.9 | O24: 114.3 | P24: 119.6 | Q24: 112.4 | R24: 110.6 | S24: 108.3 | T24: 110.2 | U24: 108.9 | V24: 109.3 | W24: 108.7 | X24: 107.6 | Y24: 108.1 | Z24: 106.5 | AA24: 110.8 | AB24: 106 | AC24: 108.3 | AD24: 112.7
A25: Rural+Urban | B25: 2013 | C25: August | D25: 115.6 | E25: 117.2 | F25: 111.7 | G25: 109.6 | H25: 104.5 | I25: 109.8 | J25: 151.8 | K25: 106.5 | L25: 103.1 | M25: 107.4 | N25: 110.2 | O25: 113.4 | P25: 116.6 | Q25: 111.2 | R25: 111 | S25: 109.4 | T25: 110.7 | U25: 108.9 | V25: 109.7 | W25: 108.7 | X25: 107.5 | Y25: 108 | Z25: 106.6 | AA25: 109.9 | AB25: 105.4 | AC25: 107.9 | AD25: 112.4
A26: Rural | B26: 2013 | C26: September | D26: 115.4 | E26: 115.7 | F26: 111.7 | G26: 111 | H26: 107.4 | I26: 110.9 | J26: 154 | K26: 108.1 | L26: 104.2 | M26: 107.9 | N26: 110.4 | O26: 114 | P26: 117.8 | Q26: 111.7 | R26: 112.7 | S26: 111.4 | T26: 112.5 | U26: NA | V26: 111.1 | W26: 109.6 | X26: 108.3 | Y26: 109.3 | Z26: 107.7 | AA26: 109.8 | AB26: 106.7 | AC26: 108.7 | AD26: 114.2
A27: Urban | B27: 2013 | C27: September | D27: 118.6 | E27: 119.1 | F27: 113.2 | G27: 109.6 | H27: 101.7 | I27: 103.2 | J27: 174.3 | K27: 105.1 | L27: 100.8 | M27: 109.1 | N27: 111.1 | O27: 115.4 | P27: 119.2 | Q27: 112.9 | R27: 111.4 | S27: 109 | T27: 111.1 | U27: 109.7 | V27: 109.5 | W27: 109.6 | X27: 107.9 | Y27: 110.4 | Z27: 107.4 | AA27: 111.2 | AB27: 106.9 | AC27: 109.4 | AD27: 113.2
A28: Rural+Urban | B28: 2013 | C28: September | D28: 116.4 | E28: 116.9 | F28: 112.3 | G28: 110.5 | H28: 105.3 | I28: 107.3 | J28: 160.9 | K28: 107.1 | L28: 103.1 | M28: 108.3 | N28: 110.7 | O28: 114.6 | P28: 118.3 | Q28: 112 | R28: 112.2 | S28: 110.4 | T28: 111.9 | U28: 109.7 | V28: 110.5 | W28: 109.6 | X28: 108.1 | Y28: 109.9 | Z28: 107.5 | AA28: 110.6 | AB28: 106.8 | AC28: 109 | AD28: 113.7
A29: Rural | B29: 2013 | C29: October | D29: 116.3 | E29: 115.4 | F29: 112.6 | G29: 111.7 | H29: 107.7 | I29: 113.2 | J29: 164.9 | K29: 108.3 | L29: 103.9 | M29: 108.2 | N29: 111.1 | O29: 114.9 | P29: 119.8 | Q29: 112.2 | R29: 113.6 | S29: 112.3 | T29: 113.4 | U29: NA | V29: 111.6 | W29: 110.4 | X29: 108.9 | Y29: 109.3 | Z29: 108.3 | AA29: 110.2 | AB29: 107.5 | AC29: 109.1 | AD29: 115.5
A30: Urban | B30: 2013 | C30: October | D30: 118.9 | E30: 118.1 | F30: 114.5 | G30: 110.4 | H30: 102.3 | I30: 106.2 | J30: 183.5 | K30: 105.3 | L30: 100.2 | M30: 109.6 | N30: 111.4 | O30: 116 | P30: 120.8 | Q30: 113.5 | R30: 112.5 | S30: 109.7 | T30: 112 | U30: 110.5 | V30: 109.7 | W30: 110.2 | X30: 108.2 | Y30: 109.7 | Z30: 108 | AA30: 111.3 | AB30: 107.3 | AC30: 109.4 | AD30: 114
A31: Rural+Urban | B31: 2013 | C31: October | D31: 117.1 | E31: 116.3 | F31: 113.3 | G31: 111.2 | H31: 105.7 | I31: 109.9 | J31: 171.2 | K31: 107.3 | L31: 102.7 | M31: 108.7 | N31: 111.2 | O31: 115.4 | P31: 120.2 | Q31: 112.5 | R31: 113.2 | S31: 111.2 | T31: 112.8 | U31: 110.5 | V31: 110.9 | W31: 110.3 | X31: 108.6 | Y31: 109.5 | Z31: 108.1 | AA31: 110.8 | AB31: 107.4 | AC31: 109.2 | AD31: 114.8
A32: Rural | B32: 2013 | C32: November | D32: 117.3 | E32: 114.9 | F32: 116.2 | G32: 112.8 | H32: 108.9 | I32: 116.6 | J32: 178.1 | K32: 109.1 | L32: 103.6 | M32: 109 | N32: 111.8 | O32: 116 | P32: 122.5 | Q32: 112.8 | R32: 114.6 | S32: 113.1 | T32: 114.4 | U32: NA | V32: 112.6 | W32: 111.3 | X32: 109.7 | Y32: 109.6 | Z32: 108.7 | AA32: 111 | AB32: 108.2 | AC32: 109.8 | AD32: 117.4
A33: Urban | B33: 2013 | C33: November | D33: 119.8 | E33: 116.3 | F33: 122.6 | G33: 112 | H33: 103.2 | I33: 110 | J33: 192.8 | K33: 106.3 | L33: 99.5 | M33: 110.3 | N33: 111.8 | O33: 117.1 | P33: 122.9 | Q33: 114.1 | R33: 113.5 | S33: 110.3 | T33: 113 | U33: 111.1 | V33: 110 | W33: 110.9 | X33: 108.6 | Y33: 109.5 | Z33: 108.5 | AA33: 111.3 | AB33: 107.9 | AC33: 109.6 | AD33: 115
A34: Rural+Urban | B34: 2013 | C34: November | D34: 118.1 | E34: 115.4 | F34: 118.7 | G34: 112.5 | H34: 106.8 | I34: 113.5 | J34: 183.1 | K34: 108.2 | L34: 102.2 | M34: 109.4 | N34: 111.8 | O34: 116.5 | P34: 122.6 | Q34: 113.1 | R34: 114.2 | S34: 111.9 | T34: 113.8 | U34: 111.1 | V34: 111.6 | W34: 111.1 | X34: 109.3 | Y34: 109.5 | Z34: 108.6 | AA34: 111.2 | AB34: 108.1 | AC34: 109.7 | AD34: 116.3
A35: Rural | B35: 2013 | C35: December | D35: 118.4 | E35: 115.9 | F35: 120.4 | G35: 113.8 | H35: 109.5 | I35: 115.5 | J35: 145.7 | K35: 109.5 | L35: 102.9 | M35: 109.8 | N35: 112.1 | O35: 116.8 | P35: 118.7 | Q35: 113.6 | R35: 115.8 | S35: 114 | T35: 115.5 | U35: NA | V35: 112.8 | W35: 112.1 | X35: 110.1 | Y35: 109.9 | Z35: 109.2 | AA35: 111.6 | AB35: 108.1 | AC35: 110.1 | AD35: 115.5
A36: Urban | B36: 2013 | C36: December | D36: 120.5 | E36: 118.1 | F36: 128.5 | G36: 112.8 | H36: 103.4 | I36: 110.7 | J36: 144.8 | K36: 107.1 | L36: 98.6 | M36: 111.9 | N36: 112.1 | O36: 118.1 | P36: 117.8 | Q36: 115 | R36: 114.2 | S36: 110.9 | T36: 113.7 | U36: 110.7 | V36: 110.4 | W36: 111.3 | X36: 109 | Y36: 109.7 | Z36: 108.9 | AA36: 111.4 | AB36: 107.7 | AC36: 109.8 | AD36: 113.3
A37: Rural+Urban | B37: 2013 | C37: December | D37: 119.1 | E37: 116.7 | F37: 123.5 | G37: 113.4 | H37: 107.3 | I37: 113.3 | J37: 145.4 | K37: 108.7 | L37: 101.5 | M37: 110.5 | N37: 112.1 | O37: 117.4 | P37: 118.4 | Q37: 114 | R37: 115.2 | S37: 112.7 | T37: 114.8 | U37: 110.7 | V37: 111.9 | W37: 111.7 | X37: 109.7 | Y37: 109.8 | Z37: 109 | AA37: 111.5 | AB37: 107.9 | AC37: 110 | AD37: 114.5
A38: Rural | B38: 2014 | C38: January | D38: 118.9 | E38: 117.1 | F38: 120.5 | G38: 114.4 | H38: 109 | I38: 115.5 | J38: 123.9 | K38: 109.6 | L38: 101.8 | M38: 110.2 | N38: 112.4 | O38: 117.3 | P38: 116 | Q38: 114 | R38: 116.5 | S38: 114.5 | T38: 116.2 | U38: NA | V38: 113 | W38: 112.6 | X38: 110.6 | Y38: 110.5 | Z38: 109.6 | AA38: 111.8 | AB38: 108.3 | AC38: 110.6 | AD38: 114.2
A39: Urban | B39: 2014 | C39: January | D39: 121.2 | E39: 122 | F39: 129.9 | G39: 113.6 | H39: 102.9 | I39: 112.1 | J39: 118.9 | K39: 107.5 | L39: 96.9 | M39: 112.7 | N39: 112.1 | O39: 119 | P39: 115.5 | Q39: 115.7 | R39: 114.8 | S39: 111.3 | T39: 114.3 | U39: 111.6 | V39: 111 | W39: 111.9 | X39: 109.7 | Y39: 110.8 | Z39: 109.8 | AA39: 111.5 | AB39: 108 | AC39: 110.5 | AD39: 112.9
A40: Rural+Urban | B40: 2014 | C40: January | D40: 119.6 | E40: 118.8 | F40: 124.1 | G40: 114.1 | H40: 106.8 | I40: 113.9 | J40: 122.2 | K40: 108.9 | L40: 100.2 | M40: 111 | N40: 112.3 | O40: 118.1 | P40: 115.8 | Q40: 114.5 | R40: 115.8 | S40: 113.2 | T40: 115.4 | U40: 111.6 | V40: 112.2 | W40: 112.3 | X40: 110.3 | Y40: 110.7 | Z40: 109.7 | AA40: 111.6 | AB40: 108.2 | AC40: 110.6 | AD40: 113.6
A41: Rural | B41: 2014 | C41: February | D41: 119.4 | E41: 117.7 | F41: 121.2 | G41: 115 | H41: 109 | I41: 116.6 | J41: 116 | K41: 109.8 | L41: 101.1 | M41: 110.4 | N41: 112.9 | O41: 117.8 | P41: 115.3 | Q41: 114.2 | R41: 117.1 | S41: 114.5 | T41: 116.7 | U41: NA | V41: 113.2 | W41: 112.9 | X41: 110.9 | Y41: 110.8 | Z41: 109.9 | AA41: 112 | AB41: 108.7 | AC41: 110.9 | AD41: 114
A42: Urban | B42: 2014 | C42: February | D42: 121.9 | E42: 122 | F42: 124.5 | G42: 115.2 | H42: 102.5 | I42: 114.1 | J42: 111.5 | K42: 108.2 | L42: 95.4 | M42: 113.5 | N42: 112.1 | O42: 119.9 | P42: 115.2 | Q42: 116.2 | R42: 115.3 | S42: 111.7 | T42: 114.7 | U42: 112.5 | V42: 111.1 | W42: 112.6 | X42: 110.4 | Y42: 111.3 | Z42: 110.3 | AA42: 111.6 | AB42: 108.7 | AC42: 111 | AD42: 113.1
A43: Rural+Urban | B43: 2014 | C43: February | D43: 120.2 | E43: 119.2 | F43: 122.5 | G43: 115.1 | H43: 106.6 | I43: 115.4 | J43: 114.5 | K43: 109.3 | L43: 99.2 | M43: 111.4 | N43: 112.6 | O43: 118.8 | P43: 115.3 | Q43: 114.7 | R43: 116.4 | S43: 113.3 | T43: 115.9 | U43: 112.5 | V43: 112.4 | W43: 112.8 | X43: 110.7 | Y43: 111.1 | Z43: 110.1 | AA43: 111.8 | AB43: 108.7 | AC43: 110.9 | AD43: 113.6
A44: Rural | B44: 2014 | C44: March | D44: 120.1 | E44: 118.1 | F44: 120.7 | G44: 116.1 | H44: 109.3 | I44: 119.6 | J44: 117.9 | K44: 110.2 | L44: 101.2 | M44: 110.7 | N44: 113 | O44: 118.3 | P44: 116.2 | Q44: 114.6 | R44: 117.5 | S44: 114.9 | T44: 117.2 | U44: NA | V44: 113.4 | W44: 113.4 | X44: 111.4 | Y44: 111.2 | Z44: 110.2 | AA44: 112.4 | AB44: 108.9 | AC44: 111.3 | AD44: 114.6
A45: Urban | B45: 2014 | C45: March | D45: 122.1 | E45: 121.4 | F45: 121.5 | G45: 116.2 | H45: 102.8 | I45: 117.7 | J45: 113.3 | K45: 108.9 | L45: 96.3 | M45: 114.1 | N45: 112.2 | O45: 120.5 | P45: 116 | Q45: 116.7 | R45: 115.8 | S45: 112.1 | T45: 115.2 | U45: 113.2 | V45: 110.9 | W45: 113 | X45: 110.8 | Y45: 111.6 | Z45: 110.9 | AA45: 111.8 | AB45: 109.2 | AC45: 111.4 | AD45: 113.7
A46: Rural+Urban | B46: 2014 | C46: Marcrh | D46: 120.7 | E46: 119.3 | F46: 121 | G46: 116.1 | H46: 106.9 | I46: 118.7 | J46: 116.3 | K46: 109.8 | L46: 99.6 | M46: 111.8 | N46: 112.7 | O46: 119.3 | P46: 116.1 | Q46: 115.2 | R46: 116.8 | S46: 113.7 | T46: 116.4 | U46: 113.2 | V46: 112.5 | W46: 113.2 | X46: 111.2 | Y46: 111.4 | Z46: 110.6 | AA46: 112 | AB46: 109 | AC46: 111.3 | AD46: 114.2
A47: Rural | B47: 2014 | C47: April | D47: 120.2 | E47: 118.9 | F47: 118.1 | G47: 117 | H47: 109.7 | I47: 125.5 | J47: 120.5 | K47: 111 | L47: 102.6 | M47: 111.2 | N47: 113.5 | O47: 118.7 | P47: 117.2 | Q47: 115.4 | R47: 118.1 | S47: 116.1 | T47: 117.8 | U47: NA | V47: 113.4 | W47: 113.7 | X47: 111.8 | Y47: 111.2 | Z47: 110.5 | AA47: 113 | AB47: 108.9 | AC47: 111.5 | AD47: 115.4
A48: Urban | B48: 2014 | C48: April | D48: 122.5 | E48: 121.7 | F48: 113.3 | G48: 117 | H48: 103.1 | I48: 126.7 | J48: 121.2 | K48: 111 | L48: 100.3 | M48: 115.3 | N48: 112.7 | O48: 121 | P48: 118.2 | Q48: 117.6 | R48: 116.3 | S48: 112.5 | T48: 115.7 | U48: 113.9 | V48: 110.9 | W48: 113.4 | X48: 111 | Y48: 111.2 | Z48: 111.2 | AA48: 112.5 | AB48: 109.1 | AC48: 111.4 | AD48: 114.7
A49: Rural+Urban | B49: 2014 | C49: April | D49: 120.9 | E49: 119.9 | F49: 116.2 | G49: 117 | H49: 107.3 | I49: 126.1 | J49: 120.7 | K49: 111 | L49: 101.8 | M49: 112.6 | N49: 113.2 | O49: 119.8 | P49: 117.6 | Q49: 116 | R49: 117.4 | S49: 114.6 | T49: 117 | U49: 113.9 | V49: 112.5 | W49: 113.6 | X49: 111.5 | Y49: 111.2 | Z49: 110.9 | AA49: 112.7 | AB49: 109 | AC49: 111.5 | AD49: 115.1
A50: Rural | B50: 2014 | C50: May | D50: 120.3 | E50: 120.2 | F50: 116.9 | G50: 118 | H50: 110.1 | I50: 126.3 | J50: 123.9 | K50: 111.5 | L50: 103.5 | M50: 111.6 | N50: 114.2 | O50: 119.2 | P50: 118.2 | Q50: 116.3 | R50: 118.7 | S50: 116.8 | T50: 118.5 | U50: NA | V50: 113.4 | W50: 114.1 | X50: 112.1 | Y50: 111.4 | Z50: 110.9 | AA50: 113.1 | AB50: 108.9 | AC50: 111.8 | AD50: 116
A51: Urban | B51: 2014 | C51: May | D51: 122.7 | E51: 124.1 | F51: 114.2 | G51: 119.1 | H51: 103.5 | I51: 129.2 | J51: 127 | K51: 112.6 | L51: 101.3 | M51: 117 | N51: 112.9 | O51: 121.7 | P51: 120 | Q51: 118.3 | R51: 116.8 | S51: 112.9 | T51: 116.2 | U51: 114.3 | V51: 111.1 | W51: 114.1 | X51: 111.2 | Y51: 111.3 | Z51: 111.5 | AA51: 112.9 | AB51: 109.3 | AC51: 111.7 | AD51: 115.6
A52: Rural+Urban | B52: 2014 | C52: May | D52: 121.1 | E52: 121.6 | F52: 115.9 | G52: 118.4 | H52: 107.7 | I52: 127.7 | J52: 125 | K52: 111.9 | L52: 102.8 | M52: 113.4 | N52: 113.7 | O52: 120.4 | P52: 118.9 | Q52: 116.8 | R52: 118 | S52: 115.2 | T52: 117.6 | U52: 114.3 | V52: 112.5 | W52: 114.1 | X52: 111.8 | Y52: 111.3 | Z52: 111.2 | AA52: 113 | AB52: 109.1 | AC52: 111.8 | AD52: 115.8
A53: Rural | B53: 2014 | C53: June | D53: 120.7 | E53: 121.6 | F53: 116.1 | G53: 119.3 | H53: 110.3 | I53: 125.8 | J53: 129.3 | K53: 112.2 | L53: 103.6 | M53: 112.3 | N53: 114.9 | O53: 120.1 | P53: 119.5 | Q53: 117.3 | R53: 119.7 | S53: 117.3 | T53: 119.3 | U53: NA | V53: 114.4 | W53: 114.9 | X53: 112.8 | Y53: 112.2 | Z53: 111.4 | AA53: 114.3 | AB53: 108 | AC53: 112.3 | AD53: 117
A54: Urban | B54: 2014 | C54: June | D54: 123.1 | E54: 125.9 | F54: 115.4 | G54: 120.4 | H54: 103.4 | I54: 131.2 | J54: 137.5 | K54: 112.8 | L54: 101.4 | M54: 118.3 | N54: 113.2 | O54: 122.4 | P54: 122 | Q54: 119 | R54: 117.4 | S54: 113.2 | T54: 116.7 | U54: 113.9 | V54: 111.2 | W54: 114.3 | X54: 111.4 | Y54: 111.5 | Z54: 111.8 | AA54: 115.1 | AB54: 108.7 | AC54: 112.2 | AD54: 116.4
A55: Rural+Urban | B55: 2014 | C55: June | D55: 121.5 | E55: 123.1 | F55: 115.8 | G55: 119.7 | H55: 107.8 | I55: 128.3 | J55: 132.1 | K55: 112.4 | L55: 102.9 | M55: 114.3 | N55: 114.2 | O55: 121.2 | P55: 120.4 | Q55: 117.8 | R55: 118.8 | S55: 115.6 | T55: 118.3 | U55: 113.9 | V55: 113.2 | W55: 114.6 | X55: 112.3 | Y55: 111.8 | Z55: 111.6 | AA55: 114.8 | AB55: 108.3 | AC55: 112.3 | AD55: 116.7
A56: Rural | B56: 2014 | C56: July | D56: 121.7 | E56: 122.5 | F56: 117.7 | G56: 120.6 | H56: 110.4 | I56: 129.1 | J56: 150.1 | K56: 113.2 | L56: 104.8 | M56: 113.3 | N56: 115.6 | O56: 120.9 | P56: 123.3 | Q56: 118 | R56: 120.7 | S56: 118.3 | T56: 120.3 | U56: NA | V56: 115.3 | W56: 115.4 | X56: 113.4 | Y56: 113.2 | Z56: 111.8 | AA56: 115.5 | AB56: 108.8 | AC56: 113.1 | AD56: 119.5
A57: Urban | B57: 2014 | C57: July | D57: 123.8 | E57: 126.4 | F57: 118 | G57: 121.6 | H57: 103.5 | I57: 133.7 | J57: 172.4 | K57: 113.1 | L57: 102.7 | M57: 120 | N57: 113.8 | O57: 123.4 | P57: 127.1 | Q57: 121 | R57: 118 | S57: 113.6 | T57: 117.4 | U57: 114.8 | V57: 111.6 | W57: 114.9 | X57: 111.5 | Y57: 113 | Z57: 112.4 | AA57: 117.8 | AB57: 109.7 | AC57: 113.5 | AD57: 118.9
A58: Rural+Urban | B58: 2014 | C58: July | D58: 122.4 | E58: 123.9 | F58: 117.8 | G58: 121 | H58: 107.9 | I58: 131.2 | J58: 157.7 | K58: 113.2 | L58: 104.1 | M58: 115.5 | N58: 114.8 | O58: 122.1 | P58: 124.7 | Q58: 118.8 | R58: 119.6 | S58: 116.3 | T58: 119.1 | U58: 114.8 | V58: 113.9 | W58: 115.2 | X58: 112.7 | Y58: 113.1 | Z58: 112.1 | AA58: 116.8 | AB58: 109.2 | AC58: 113.3 | AD58: 119.2
A59: Rural | B59: 2014 | C59: August | D59: 121.8 | E59: 122.8 | F59: 117.8 | G59: 121.9 | H59: 110.6 | I59: 129.7 | J59: 161.1 | K59: 114.1 | L59: 105.1 | M59: 114.6 | N59: 115.8 | O59: 121.7 | P59: 125.3 | Q59: 118.8 | R59: 120.9 | S59: 118.8 | T59: 120.7 | U59: NA | V59: 115.4 | W59: 115.9 | X59: 114 | Y59: 113.2 | Z59: 112.2 | AA59: 116.2 | AB59: 109.4 | AC59: 113.5 | AD59: 120.7
A60: Urban | B60: 2014 | C60: August | D60: 124.8 | E60: 127.3 | F60: 116.5 | G60: 122.2 | H60: 103.6 | I60: 132.7 | J60: 181.9 | K60: 115.2 | L60: 102.7 | M60: 122.1 | N60: 114.4 | O60: 124.7 | P60: 128.9 | Q60: 123 | R60: 118.6 | S60: 114.1 | T60: 117.9 | U60: 115.5 | V60: 111.8 | W60: 115.3 | X60: 112.2 | Y60: 112.5 | Z60: 112.9 | AA60: 119.2 | AB60: 110.5 | AC60: 113.9 | AD60: 119.9
A61: Rural+Urban | B61: 2014 | C61: August | D61: 122.7 | E61: 124.4 | F61: 117.3 | G61: 122 | H61: 108 | I61: 131.1 | J61: 168.2 | K61: 114.5 | L61: 104.3 | M61: 117.1 | N61: 115.2 | O61: 123.1 | P61: 126.6 | Q61: 119.9 | R61: 120 | S61: 116.8 | T61: 119.6 | U61: 115.5 | V61: 114 | W61: 115.6 | X61: 113.3 | Y61: 112.8 | Z61: 112.6 | AA61: 118 | AB61: 109.9 | AC61: 113.7 | AD61: 120.3
A62: Rural | B62: 2014 | C62: September | D62: 122.3 | E62: 122.4 | F62: 117.8 | G62: 122.7 | H62: 110.4 | I62: 129.8 | J62: 158.8 | K62: 115 | L62: 104.7 | M62: 114.9 | N62: 116.5 | O62: 122.6 | P62: 125.3 | Q62: 119.5 | R62: 121.7 | S62: 119.2 | T62: 121.3 | U62: NA | V62: 115.8 | W62: 116.7 | X62: 114.5 | Y62: 112.8 | Z62: 112.6 | AA62: 116.6 | AB62: 109.1 | AC62: 113.7 | AD62: 120.9
A63: Urban | B63: 2014 | C63: September | D63: 124.2 | E63: 125.4 | F63: 116.4 | G63: 122.7 | H63: 103.5 | I63: 124.5 | J63: 168.6 | K63: 116.9 | L63: 101.9 | M63: 122.9 | N63: 114.8 | O63: 125.2 | P63: 126.7 | Q63: 124.3 | R63: 119.2 | S63: 114.5 | T63: 118.4 | U63: 116.1 | V63: 111.8 | W63: 115.5 | X63: 112.3 | Y63: 111.2 | Z63: 113.4 | AA63: 120 | AB63: 110 | AC63: 113.6 | AD63: 119.2
A64: Rural+Urban | B64: 2014 | C64: September | D64: 122.9 | E64: 123.5 | F64: 117.3 | G64: 122.7 | H64: 107.9 | I64: 127.3 | J64: 162.1 | K64: 115.6 | L64: 103.8 | M64: 117.6 | N64: 115.8 | O64: 123.8 | P64: 125.8 | Q64: 120.8 | R64: 120.7 | S64: 117.2 | T64: 120.1 | U64: 116.1 | V64: 114.3 | W64: 116.1 | X64: 113.7 | Y64: 112 | Z64: 113.1 | AA64: 118.6 | AB64: 109.5 | AC64: 113.7 | AD64: 120.1
A65: Rural | B65: 2014 | C65: October | D65: 122.6 | E65: 122.5 | F65: 118.3 | G65: 123.2 | H65: 110.5 | I65: 128.9 | J65: 155.3 | K65: 115.5 | L65: 104 | M65: 115.3 | N65: 116.8 | O65: 123.2 | P65: 125.1 | Q65: 120 | R65: 122.7 | S65: 120.3 | T65: 122.3 | U65: NA | V65: 116.4 | W65: 117.5 | X65: 115.3 | Y65: 112.6 | Z65: 113 | AA65: 116.9 | AB65: 109.3 | AC65: 114 | AD65: 121
A66: Urban | B66: 2014 | C66: October | D66: 124.6 | E66: 126.1 | F66: 117.8 | G66: 123.1 | H66: 103.5 | I66: 123.5 | J66: 159.6 | K66: 117.4 | L66: 101.2 | M66: 123.8 | N66: 115.2 | O66: 125.9 | P66: 125.8 | Q66: 124.3 | R66: 119.6 | S66: 114.9 | T66: 118.9 | U66: 116.7 | V66: 112 | W66: 115.8 | X66: 112.6 | Y66: 111 | Z66: 113.6 | AA66: 120.2 | AB66: 110.1 | AC66: 113.7 | AD66: 119.1
A67: Rural+Urban | B67: 2014 | C67: October | D67: 123.2 | E67: 123.8 | F67: 118.1 | G67: 123.2 | H67: 107.9 | I67: 126.4 | J67: 156.8 | K67: 116.1 | L67: 103.1 | M67: 118.1 | N67: 116.1 | O67: 124.5 | P67: 125.4 | Q67: 121.1 | R67: 121.5 | S67: 118.1 | T67: 121 | U67: 116.7 | V67: 114.7 | W67: 116.7 | X67: 114.3 | Y67: 111.8 | Z67: 113.3 | AA67: 118.8 | AB67: 109.6 | AC67: 113.9 | AD67: 120.1
A68: Rural | B68: 2014 | C68: November | D68: 122.7 | E68: 122.6 | F68: 119.9 | G68: 124 | H68: 110.5 | I68: 128.8 | J68: 152 | K68: 116.2 | L68: 103.3 | M68: 115.8 | N68: 116.8 | O68: 124.5 | P68: 124.9 | Q68: 120.8 | R68: 123.3 | S68: 120.5 | T68: 122.9 | U68: NA | V68: 117.3 | W68: 118.1 | X68: 115.9 | Y68: 112 | Z68: 113.3 | AA68: 117.2 | AB68: 108.8 | AC68: 114.1 | AD68: 121.1
A69: Urban | B69: 2014 | C69: November | D69: 124.5 | E69: 125.6 | F69: 122.7 | G69: 124.6 | H69: 103.2 | I69: 122.2 | J69: 153.2 | K69: 119.3 | L69: 99.8 | M69: 124.6 | N69: 115.8 | O69: 126.9 | P69: 125.4 | Q69: 125.8 | R69: 120.3 | S69: 115.4 | T69: 119.5 | U69: 117.1 | V69: 112.6 | W69: 116.4 | X69: 113 | Y69: 109.7 | Z69: 114 | AA69: 120.3 | AB69: 109.6 | AC69: 113.4 | AD69: 119
A70: Rural+Urban | B70: 2014 | C70: November | D70: 123.3 | E70: 123.7 | F70: 121 | G70: 124.2 | H70: 107.8 | I70: 125.7 | J70: 152.4 | K70: 117.2 | L70: 102.1 | M70: 118.7 | N70: 116.4 | O70: 125.6 | P70: 125.1 | Q70: 122.1 | R70: 122.1 | S70: 118.4 | T70: 121.6 | U70: 117.1 | V70: 115.5 | W70: 117.3 | X70: 114.8 | Y70: 110.8 | Z70: 113.7 | AA70: 119 | AB70: 109.1 | AC70: 113.8 | AD70: 120.1
A71: Rural | B71: 2014 | C71: December | D71: 122.4 | E71: 122.4 | F71: 121.8 | G71: 124.2 | H71: 110.2 | I71: 128.6 | J71: 140.3 | K71: 116.3 | L71: 102 | M71: 116 | N71: 117.3 | O71: 124.8 | P71: 123.3 | Q71: 121.7 | R71: 123.8 | S71: 120.6 | T71: 123.3 | U71: NA | V71: 117.4 | W71: 118.2 | X71: 116.2 | Y71: 111.5 | Z71: 113.3 | AA71: 117.7 | AB71: 109.4 | AC71: 114.2 | AD71: 120.3
A72: Urban | B72: 2014 | C72: December | D72: 124 | E72: 124.7 | F72: 126.3 | G72: 124.9 | H72: 103 | I72: 122.3 | J72: 141 | K72: 120.1 | L72: 97.8 | M72: 125.4 | N72: 116.1 | O72: 127.6 | P72: 124 | Q72: 126.4 | R72: 120.7 | S72: 115.8 | T72: 120 | U72: 116.5 | V72: 113 | W72: 116.8 | X72: 113.2 | Y72: 108.8 | Z72: 114.3 | AA72: 120.7 | AB72: 110.4 | AC72: 113.4 | AD72: 118.4
A73: Rural+Urban | B73: 2014 | C73: December | D73: 122.9 | E73: 123.2 | F73: 123.5 | G73: 124.5 | H73: 107.6 | I73: 125.7 | J73: 140.5 | K73: 117.6 | L73: 100.6 | M73: 119.1 | N73: 116.8 | O73: 126.1 | P73: 123.6 | Q73: 123 | R73: 122.6 | S73: 118.6 | T73: 122 | U73: 116.5 | V73: 115.7 | W73: 117.5 | X73: 115.1 | Y73: 110.1 | Z73: 113.9 | AA73: 119.5 | AB73: 109.8 | AC73: 113.8 | AD73: 119.4
A74: Rural | B74: 2015 | C74: January | D74: 123.1 | E74: 123.1 | F74: 122.1 | G74: 124.9 | H74: 111 | I74: 130.4 | J74: 132.3 | K74: 117.2 | L74: 100.5 | M74: 117.2 | N74: 117.9 | O74: 125.6 | P74: 122.8 | Q74: 122.7 | R74: 124.4 | S74: 121.6 | T74: 124 | U74: NA | V74: 118.4 | W74: 118.9 | X74: 116.6 | Y74: 111 | Z74: 114 | AA74: 118.2 | AB74: 110.2 | AC74: 114.5 | AD74: 120.3
A75: Urban | B75: 2015 | C75: January | D75: 124 | E75: 125.5 | F75: 126.6 | G75: 125.2 | H75: 104.3 | I75: 121.3 | J75: 134.4 | K75: 122.9 | L75: 96.1 | M75: 126.6 | N75: 116.5 | O75: 128 | P75: 123.5 | Q75: 127.4 | R75: 121 | S75: 116.1 | T75: 120.2 | U75: 117.3 | V75: 113.4 | W75: 117.2 | X75: 113.7 | Y75: 107.9 | Z75: 114.6 | AA75: 120.8 | AB75: 111.4 | AC75: 113.4 | AD75: 118.5
A76: Rural+Urban | B76: 2015 | C76: January | D76: 123.4 | E76: 123.9 | F76: 123.8 | G76: 125 | H76: 108.5 | I76: 126.2 | J76: 133 | K76: 119.1 | L76: 99 | M76: 120.3 | N76: 117.3 | O76: 126.7 | P76: 123.1 | Q76: 124 | R76: 123.1 | S76: 119.3 | T76: 122.5 | U76: 117.3 | V76: 116.5 | W76: 118.1 | X76: 115.5 | Y76: 109.4 | Z76: 114.3 | AA76: 119.7 | AB76: 110.7 | AC76: 114 | AD76: 119.5
A77: Rural | B77: 2015 | C77: February | D77: 123.4 | E77: 124.4 | F77: 122.1 | G77: 125.8 | H77: 111.5 | I77: 129.4 | J77: 128.2 | K77: 118.8 | L77: 100 | M77: 118.6 | N77: 118.8 | O77: 126.8 | P77: 122.8 | Q77: 124.2 | R77: 125.4 | S77: 122.7 | T77: 125 | U77: NA | V77: 120 | W77: 119.6 | X77: 117.7 | Y77: 110.9 | Z77: 114.8 | AA77: 118.7 | AB77: 110.8 | AC77: 115 | AD77: 120.6
A78: Urban | B78: 2015 | C78: February | D78: 124.3 | E78: 126.5 | F78: 119.5 | G78: 125.6 | H78: 104.9 | I78: 121.6 | J78: 131.8 | K78: 125.1 | L78: 95 | M78: 127.7 | N78: 116.8 | O78: 128.6 | P78: 123.7 | Q78: 128.1 | R78: 121.3 | S78: 116.5 | T78: 120.6 | U78: 118.1 | V78: 114 | W78: 117.7 | X78: 114.1 | Y78: 106.8 | Z78: 114.9 | AA78: 120.4 | AB78: 111.7 | AC78: 113.2 | AD78: 118.7
A79: Rural+Urban | B79: 2015 | C79: February | D79: 123.7 | E79: 125.1 | F79: 121.1 | G79: 125.7 | H79: 109.1 | I79: 125.8 | J79: 129.4 | K79: 120.9 | L79: 98.3 | M79: 121.6 | N79: 118 | O79: 127.6 | P79: 123.1 | Q79: 125.2 | R79: 123.8 | S79: 120.1 | T79: 123.3 | U79: 118.1 | V79: 117.7 | W79: 118.7 | X79: 116.3 | Y79: 108.7 | Z79: 114.9 | AA79: 119.7 | AB79: 111.2 | AC79: 114.1 | AD79: 119.7
A80: Rural | B80: 2015 | C80: March | D80: 123.3 | E80: 124.7 | F80: 118.9 | G80: 126 | H80: 111.8 | I80: 130.9 | J80: 128 | K80: 119.9 | L80: 98.9 | M80: 119.4 | N80: 118.9 | O80: 127.7 | P80: 123.1 | Q80: 124.7 | R80: 126 | S80: 122.9 | T80: 125.5 | U80: NA | V80: 120.6 | W80: 120.2 | X80: 118.2 | Y80: 111.6 | Z80: 115.5 | AA80: 119.4 | AB80: 110.8 | AC80: 115.5 | AD80: 121.1
A81: Urban | B81: 2015 | C81: March | D81: 124 | E81: 126.7 | F81: 113.5 | G81: 125.9 | H81: 104.8 | I81: 123.8 | J81: 131.4 | K81: 127.2 | L81: 93.2 | M81: 127.4 | N81: 117 | O81: 129.2 | P81: 123.9 | Q81: 128.8 | R81: 121.7 | S81: 116.9 | T81: 120.9 | U81: 118.6 | V81: 114.4 | W81: 118 | X81: 114.3 | Y81: 108.4 | Z81: 115.4 | AA81: 120.6 | AB81: 111.3 | AC81: 113.8 | AD81: 119.1
A82: Rural+Urban | B82: 2015 | C82: March | D82: 123.5 | E82: 125.4 | F82: 116.8 | G82: 126 | H82: 109.2 | I82: 127.6 | J82: 129.2 | K82: 122.4 | L82: 97 | M82: 122.1 | N82: 118.1 | O82: 128.4 | P82: 123.4 | Q82: 125.8 | R82: 124.3 | S82: 120.4 | T82: 123.7 | U82: 118.6 | V82: 118.3 | W82: 119.2 | X82: 116.7 | Y82: 109.9 | Z82: 115.4 | AA82: 120.1 | AB82: 111 | AC82: 114.7 | AD82: 120.2
A83: Rural | B83: 2015 | C83: April | D83: 123.3 | E83: 125.5 | F83: 117.2 | G83: 126.8 | H83: 111.9 | I83: 134.2 | J83: 127.5 | K83: 121.5 | L83: 97.8 | M83: 119.8 | N83: 119.4 | O83: 128.7 | P83: 123.6 | Q83: 125.7 | R83: 126.4 | S83: 123.3 | T83: 126 | U83: NA | V83: 121.2 | W83: 120.9 | X83: 118.6 | Y83: 111.9 | Z83: 116.2 | AA83: 119.9 | AB83: 111.6 | AC83: 116 | AD83: 121.5
A84: Urban | B84: 2015 | C84: April | D84: 123.8 | E84: 128.2 | F84: 110 | G84: 126.3 | H84: 104.5 | I84: 130.6 | J84: 130.8 | K84: 131.3 | L84: 91.6 | M84: 127.7 | N84: 117.2 | O84: 129.5 | P84: 124.6 | Q84: 130.1 | R84: 122.1 | S84: 117.2 | T84: 121.3 | U84: 119.2 | V84: 114.7 | W84: 118.4 | X84: 114.6 | Y84: 108.4 | Z84: 115.6 | AA84: 121.7 | AB84: 111.8 | AC84: 114.2 | AD84: 119.7
A85: Rural+Urban | B85: 2015 | C85: April | D85: 123.5 | E85: 126.4 | F85: 114.4 | G85: 126.6 | H85: 109.2 | I85: 132.5 | J85: 128.6 | K85: 124.8 | L85: 95.7 | M85: 122.4 | N85: 118.5 | O85: 129.1 | P85: 124 | Q85: 126.9 | R85: 124.7 | S85: 120.8 | T85: 124.1 | U85: 119.2 | V85: 118.7 | W85: 119.7 | X85: 117.1 | Y85: 110.1 | Z85: 115.9 | AA85: 121 | AB85: 111.7 | AC85: 115.1 | AD85: 120.7
A86: Rural | B86: 2015 | C86: May | D86: 123.5 | E86: 127.1 | F86: 117.3 | G86: 127.7 | H86: 112.5 | I86: 134.1 | J86: 128.5 | K86: 124.3 | L86: 97.6 | M86: 120.7 | N86: 120.2 | O86: 129.8 | P86: 124.4 | Q86: 126.7 | R86: 127.3 | S86: 124.1 | T86: 126.8 | U86: NA | V86: 121.9 | W86: 121.5 | X86: 119.4 | Y86: 113.3 | Z86: 116.7 | AA86: 120.5 | AB86: 112.3 | AC86: 116.9 | AD86: 122.4
A87: Urban | B87: 2015 | C87: May | D87: 123.8 | E87: 129.7 | F87: 111.3 | G87: 126.6 | H87: 105.2 | I87: 130.8 | J87: 135.6 | K87: 142.6 | L87: 90.8 | M87: 128.8 | N87: 117.7 | O87: 129.9 | P87: 126.1 | Q87: 131.3 | R87: 122.4 | S87: 117.4 | T87: 121.6 | U87: 119.6 | V87: 114.9 | W87: 118.7 | X87: 114.9 | Y87: 110.8 | Z87: 116 | AA87: 122 | AB87: 112.4 | AC87: 115.2 | AD87: 120.7
A88: Rural+Urban | B88: 2015 | C88: May | D88: 123.6 | E88: 128 | F88: 115 | G88: 127.3 | H88: 109.8 | I88: 132.6 | J88: 130.9 | K88: 130.5 | L88: 95.3 | M88: 123.4 | N88: 119.2 | O88: 129.8 | P88: 125 | Q88: 127.9 | R88: 125.4 | S88: 121.3 | T88: 124.7 | U88: 119.6 | V88: 119.2 | W88: 120.2 | X88: 117.7 | Y88: 112 | Z88: 116.3 | AA88: 121.4 | AB88: 112.3 | AC88: 116.1 | AD88: 121.6
A89: Rural | B89: 2015 | C89: June | D89: 124.1 | E89: 130.4 | F89: 122.1 | G89: 128.7 | H89: 114.1 | I89: 133.2 | J89: 135.2 | K89: 131.9 | L89: 96.3 | M89: 123 | N89: 121.1 | O89: 131.2 | P89: 126.6 | Q89: 128.2 | R89: 128.4 | S89: 125.1 | T89: 128 | U89: NA | V89: 122.6 | W89: 122.8 | X89: 120.4 | Y89: 114.2 | Z89: 117.9 | AA89: 122 | AB89: 113 | AC89: 117.9 | AD89: 124.1
A90: Urban | B90: 2015 | C90: June | D90: 123.6 | E90: 134.4 | F90: 120.9 | G90: 127.3 | H90: 106 | I90: 132.3 | J90: 146.7 | K90: 148.1 | L90: 89.8 | M90: 130.5 | N90: 118 | O90: 130.5 | P90: 128.5 | Q90: 132.1 | R90: 123.2 | S90: 117.6 | T90: 122.3 | U90: 119 | V90: 115.1 | W90: 119.2 | X90: 115.4 | Y90: 111.7 | Z90: 116.2 | AA90: 123.8 | AB90: 112.5 | AC90: 116 | AD90: 121.7
A91: Rural+Urban | B91: 2015 | C91: June | D91: 123.9 | E91: 131.8 | F91: 121.6 | G91: 128.2 | H91: 111.1 | I91: 132.8 | J91: 139.1 | K91: 137.4 | L91: 94.1 | M91: 125.5 | N91: 119.8 | O91: 130.9 | P91: 127.3 | Q91: 129.2 | R91: 126.4 | S91: 122 | T91: 125.7 | U91: 119 | V91: 119.8 | W91: 121.1 | X91: 118.5 | Y91: 112.9 | Z91: 116.9 | AA91: 123.1 | AB91: 112.8 | AC91: 117 | AD91: 123
A92: Rural | B92: 2015 | C92: July | D92: 124 | E92: 131.5 | F92: 122 | G92: 128.7 | H92: 113.5 | I92: 133.3 | J92: 140.8 | K92: 133.8 | L92: 94.1 | M92: 123.4 | N92: 121 | O92: 131.7 | P92: 127.5 | Q92: 129.4 | R92: 128.8 | S92: 125.5 | T92: 128.3 | U92: NA | V92: 123 | W92: 123 | X92: 120.8 | Y92: 114.1 | Z92: 118 | AA92: 122.9 | AB92: 112.7 | AC92: 118.1 | AD92: 124.7
A93: Urban | B93: 2015 | C93: July | D93: 123.2 | E93: 134.3 | F93: 119.5 | G93: 127.7 | H93: 106.3 | I93: 132.8 | J93: 153.5 | K93: 149.5 | L93: 85.7 | M93: 131.5 | N93: 118.3 | O93: 131.1 | P93: 129.5 | Q93: 133.1 | R93: 123.5 | S93: 117.9 | T93: 122.7 | U93: 119.9 | V93: 115.3 | W93: 119.5 | X93: 116 | Y93: 111.5 | Z93: 116.6 | AA93: 125.4 | AB93: 111.7 | AC93: 116.3 | AD93: 122.4
A94: Rural+Urban | B94: 2015 | C94: July | D94: 123.7 | E94: 132.5 | F94: 121 | G94: 128.3 | H94: 110.9 | I94: 133.1 | J94: 145.1 | K94: 139.1 | L94: 91.3 | M94: 126.1 | N94: 119.9 | O94: 131.4 | P94: 128.2 | Q94: 130.4 | R94: 126.7 | S94: 122.3 | T94: 126.1 | U94: 119.9 | V94: 120.1 | W94: 121.3 | X94: 119 | Y94: 112.7 | Z94: 117.2 | AA94: 124.4 | AB94: 112.3 | AC94: 117.2 | AD94: 123.6
A95: Rural | B95: 2015 | C95: August | D95: 124.7 | E95: 131.3 | F95: 121.3 | G95: 128.8 | H95: 114 | I95: 134.2 | J95: 153.6 | K95: 137.9 | L95: 93.1 | M95: 123.9 | N95: 121.5 | O95: 132.5 | P95: 129.8 | Q95: 130.1 | R95: 129.5 | S95: 126.3 | T95: 129 | U95: NA | V95: 123.8 | W95: 123.7 | X95: 121.1 | Y95: 113.6 | Z95: 118.5 | AA95: 123.6 | AB95: 112.5 | AC95: 118.2 | AD95: 126.1
A96: Urban | B96: 2015 | C96: August | D96: 123.1 | E96: 131.7 | F96: 118.1 | G96: 128 | H96: 106.8 | I96: 130.1 | J96: 165.5 | K96: 156 | L96: 85.3 | M96: 132.7 | N96: 118.8 | O96: 131.7 | P96: 131.1 | Q96: 134.2 | R96: 123.7 | S96: 118.2 | T96: 122.9 | U96: 120.9 | V96: 115.3 | W96: 120 | X96: 116.6 | Y96: 109.9 | Z96: 117.2 | AA96: 126.2 | AB96: 112 | AC96: 116.2 | AD96: 123.2
A97: Rural+Urban | B97: 2015 | C97: August | D97: 124.2 | E97: 131.4 | F97: 120.1 | G97: 128.5 | H97: 111.4 | I97: 132.3 | J97: 157.6 | K97: 144 | L97: 90.5 | M97: 126.8 | N97: 120.4 | O97: 132.1 | P97: 130.3 | Q97: 131.2 | R97: 127.2 | S97: 122.9 | T97: 126.6 | U97: 120.9 | V97: 120.6 | W97: 122 | X97: 119.4 | Y97: 111.7 | Z97: 117.8 | AA97: 125.1 | AB97: 112.3 | AC97: 117.2 | AD97: 124.8
A98: Rural | B98: 2015 | C98: September | D98: 125.1 | E98: 131.1 | F98: 120.7 | G98: 129.2 | H98: 114.7 | I98: 132.3 | J98: 158.9 | K98: 142.1 | L98: 92.5 | M98: 125.4 | N98: 121.9 | O98: 132.7 | P98: 131 | Q98: 131 | R98: 130.4 | S98: 126.8 | T98: 129.9 | U98: NA | V98: 123.7 | W98: 124.5 | X98: 121.4 | Y98: 113.8 | Z98: 119.6 | AA98: 124.5 | AB98: 113.7 | AC98: 118.8 | AD98: 127
A99: Urban | B99: 2015 | C99: September | D99: 123.4 | E99: 129 | F99: 115.6 | G99: 128.3 | H99: 107 | I99: 124 | J99: 168.5 | K99: 165.4 | L99: 86.3 | M99: 134.4 | N99: 119.1 | O99: 132.3 | P99: 131.5 | Q99: 134.7 | R99: 124 | S99: 118.6 | T99: 123.2 | U99: 121.6 | V99: 115.1 | W99: 120.4 | X99: 117.1 | Y99: 109.1 | Z99: 117.3 | AA99: 126.5 | AB99: 112.9 | AC99: 116.2 | AD99: 123.5
A100: Rural+Urban | B100: 2015 | C100: September | D100: 124.6 | E100: 130.4 | F100: 118.7 | G100: 128.9 | H100: 111.9 | I100: 128.4 | J100: 162.2 | K100: 150 | L100: 90.4 | M100: 128.4 | N100: 120.7 | O100: 132.5 | P100: 131.2 | Q100: 132 | R100: 127.9 | S100: 123.4 | T100: 127.2 | U100: 121.6 | V100: 120.4 | W100: 122.6 | X100: 119.8 | Y100: 111.3 | Z100: 118.3 | AA100: 125.7 | AB100: 113.4 | AC100: 117.5 | AD100: 125.4
...

Sheet Main Data
A1: Sector | B1: Year | C1: Month | D1: Key | E1: Cereals and products | F1: Meat and fish | G1: Egg | H1: Milk and products | I1: Oils and fats | J1: Fruits | K1: Vegetables | L1: Pulses and products | M1: Sugar and Confectionery | N1: Spices | O1: Non-alcoholic beverages | P1: Prepared meals, snacks, sweets etc. | Q1: Food and beverages | R1: Pan, tobacco and intoxicants | S1: Clothing | T1: Footwear | U1: Clothing and footwear | V1: Housing | W1: Fuel and light | X1: Household goods and services | Y1: Health | Z1: Transport and communication | AA1: Recreation and amusement | AB1: Education | AC1: Personal care and effects | AD1: Miscellaneous | AE1: General index
A2: Rural | B2: 2013 | C2: January | D2: =B2&C2&A2 -> 2013JanuaryRural | E2: 107.5 | F2: 106.3 | G2: 108.1 | H2: 104.9 | I2: 106.1 | J2: 103.9 | K2: 101.9 | L2: 106.1 | M2: 106.8 | N2: 103.1 | O2: 104.8 | P2: 106.7 | Q2: 105.5 | R2: 105.1 | S2: 106.5 | T2: 105.8 | U2: 106.4 | V2: NA | W2: 105.5 | X2: 104.8 | Y2: 104 | Z2: 103.3 | AA2: 103.4 | AB2: 103.8 | AC2: 104.7 | AD2: 104 | AE2: 105.1
A3: Urban | B3: 2013 | C3: January | D3: =B3&C3&A3 -> 2013JanuaryUrban | E3: 110.5 | F3: 109.1 | G3: 113 | H3: 103.6 | I3: 103.4 | J3: 102.3 | K3: 102.9 | L3: 105.8 | M3: 105.1 | N3: 101.8 | O3: 105.1 | P3: 107.9 | Q3: 105.9 | R3: 105.2 | S3: 105.9 | T3: 105 | U3: 105.8 | V3: 100.3 | W3: 105.4 | X3: 104.8 | Y3: 104.1 | Z3: 103.2 | AA3: 102.9 | AB3: 103.5 | AC3: 104.3 | AD3: 103.7 | AE3: 104
A4: Rural+Urban | B4: 2013 | C4: January | D4: =B4&C4&A4 -> 2013JanuaryRural+Urban | E4: 108.4 | F4: 107.3 | G4: 110 | H4: 104.4 | I4: 105.1 | J4: 103.2 | K4: 102.2 | L4: 106 | M4: 106.2 | N4: 102.7 | O4: 104.9 | P4: 107.3 | Q4: 105.6 | R4: 105.1 | S4: 106.3 | T4: 105.5 | U4: 106.2 | V4: 100.3 | W4: 105.5 | X4: 104.8 | Y4: 104 | Z4: 103.2 | AA4: 103.1 | AB4: 103.6 | AC4: 104.5 | AD4: 103.9 | AE4: 104.6
A5: Rural | B5: 2013 | C5: February | D5: =B5&C5&A5 -> 2013FebruaryRural | E5: 109.2 | F5: 108.7 | G5: 110.2 | H5: 105.4 | I5: 106.7 | J5: 104 | K5: 102.4 | L5: 105.9 | M5: 105.7 | N5: 103.1 | O5: 105.1 | P5: 107.7 | Q5: 106.3 | R5: 105.6 | S5: 107.1 | T5: 106.3 | U5: 107 | V5: NA | W5: 106.2 | X5: 105.2 | Y5: 104.4 | Z5: 103.9 | AA5: 104 | AB5: 104.1 | AC5: 104.6 | AD5: 104.4 | AE5: 105.8
A6: Urban | B6: 2013 | C6: February | D6: =B6&C6&A6 -> 2013FebruaryUrban | E6: 112.9 | F6: 112.9 | G6: 116.9 | H6: 104 | I6: 103.5 | J6: 103.1 | K6: 104.9 | L6: 104.1 | M6: 103.8 | N6: 102.3 | O6: 106 | P6: 109 | Q6: 107.2 | R6: 106 | S6: 106.6 | T6: 105.5 | U6: 106.4 | V6: 100.4 | W6: 105.7 | X6: 105.2 | Y6: 104.7 | Z6: 104.4 | AA6: 103.3 | AB6: 103.7 | AC6: 104.3 | AD6: 104.3 | AE6: 104.7
A7: Rural+Urban | B7: 2013 | C7: February | D7: =B7&C7&A7 -> 2013FebruaryRural+Urban | E7: 110.4 | F7: 110.2 | G7: 112.8 | H7: 104.9 | I7: 105.5 | J7: 103.6 | K7: 103.2 | L7: 105.3 | M7: 105.1 | N7: 102.8 | O7: 105.5 | P7: 108.3 | Q7: 106.6 | R7: 105.7 | S7: 106.9 | T7: 106 | U7: 106.8 | V7: 100.4 | W7: 106 | X7: 105.2 | Y7: 104.5 | Z7: 104.2 | AA7: 103.6 | AB7: 103.9 | AC7: 104.5 | AD7: 104.4 | AE7: 105.3
A8: Rural | B8: 2013 | C8: March | D8: =B8&C8&A8 -> 2013MarchRural | E8: 110.2 | F8: 108.8 | G8: 109.9 | H8: 105.6 | I8: 106.2 | J8: 105.7 | K8: 101.4 | L8: 105.7 | M8: 105 | N8: 103.3 | O8: 105.6 | P8: 108.2 | Q8: 106.6 | R8: 106.5 | S8: 107.6 | T8: 106.8 | U8: 107.5 | V8: NA | W8: 106.1 | X8: 105.6 | Y8: 104.7 | Z8: 104.6 | AA8: 104 | AB8: 104.3 | AC8: 104.3 | AD8: 104.6 | AE8: 106
A9: Urban | B9: 2013 | C9: March | D9: =B9&C9&A9 -> 2013MarchUrban | E9: 113.9 | F9: 111.4 | G9: 113.2 | H9: 104.3 | I9: 102.7 | J9: 104.9 | K9: 103.8 | L9: 103.5 | M9: 102.6 | N9: 102.4 | O9: 107 | P9: 109.8 | Q9: 107.3 | R9: 106.8 | S9: 107.2 | T9: 106 | U9: 107 | V9: 100.4 | W9: 106 | X9: 105.7 | Y9: 105.2 | Z9: 105.5 | AA9: 103.5 | AB9: 103.8 | AC9: 104.2 | AD9: 104.9 | AE9: 105
A10: Rural+Urban | B10: 2013 | C10: March | D10: =B10&C10&A10 -> 2013MarchRural+Urban | E10: 111.4 | F10: 109.7 | G10: 111.2 | H10: 105.1 | I10: 104.9 | J10: 105.3 | K10: 102.2 | L10: 105 | M10: 104.2 | N10: 103 | O10: 106.2 | P10: 108.9 | Q10: 106.9 | R10: 106.6 | S10: 107.4 | T10: 106.5 | U10: 107.3 | V10: 100.4 | W10: 106.1 | X10: 105.6 | Y10: 104.9 | Z10: 105.1 | AA10: 103.7 | AB10: 104 | AC10: 104.3 | AD10: 104.7 | AE10: 105.5
A11: Rural | B11: 2013 | C11: April | D11: =B11&C11&A11 -> 2013AprilRural | E11: 110.2 | F11: 109.5 | G11: 106.9 | H11: 106.3 | I11: 105.7 | J11: 108.3 | K11: 103.4 | L11: 105.7 | M11: 104.2 | N11: 103.2 | O11: 106.5 | P11: 108.8 | Q11: 107.1 | R11: 107.1 | S11: 108.1 | T11: 107.4 | U11: 108 | V11: NA | W11: 106.5 | X11: 106.1 | Y11: 105.1 | Z11: 104.4 | AA11: 104.5 | AB11: 104.8 | AC11: 102.7 | AD11: 104.6 | AE11: 106.4
A12: Urban | B12: 2013 | C12: April | D12: =B12&C12&A12 -> 2013AprilUrban | E12: 114.6 | F12: 113.4 | G12: 106 | H12: 104.7 | I12: 102.1 | J12: 109.5 | K12: 109.7 | L12: 104.6 | M12: 102 | N12: 103.5 | O12: 108.2 | P12: 110.6 | Q12: 108.8 | R12: 108.5 | S12: 107.9 | T12: 106.4 | U12: 107.7 | V12: 100.5 | W12: 106.4 | X12: 106.5 | Y12: 105.7 | Z12: 105 | AA12: 104 | AB12: 105.2 | AC12: 103.2 | AD12: 105.1 | AE12: 105.7
A13: Rural+Urban | B13: 2013 | C13: April | D13: =B13&C13&A13 -> 2013AprilRural+Urban | E13: 111.6 | F13: 110.9 | G13: 106.6 | H13: 105.7 | I13: 104.4 | J13: 108.9 | K13: 105.5 | L13: 105.3 | M13: 103.5 | N13: 103.3 | O13: 107.2 | P13: 109.6 | Q13: 107.7 | R13: 107.5 | S13: 108 | T13: 107 | U13: 107.9 | V13: 100.5 | W13: 106.5 | X13: 106.3 | Y13: 105.3 | Z13: 104.7 | AA13: 104.2 | AB13: 105 | AC13: 102.9 | AD13: 104.8 | AE13: 106.1
A14: Rural | B14: 2013 | C14: May | D14: =B14&C14&A14 -> 2013MayRural | E14: 110.9 | F14: 109.8 | G14: 105.9 | H14: 107.5 | I14: 105.3 | J14: 108.1 | K14: 107.3 | L14: 106.1 | M14: 103.7 | N14: 104 | O14: 107.4 | P14: 109.9 | Q14: 108.1 | R14: 108.1 | S14: 108.8 | T14: 107.9 | U14: 108.6 | V14: NA | W14: 107.5 | X14: 106.8 | Y14: 105.7 | Z14: 104.1 | AA14: 105 | AB14: 105.5 | AC14: 102.1 | AD14: 104.8 | AE14: 107.2
A15: Urban | B15: 2013 | C15: May | D15: =B15&C15&A15 -> 2013MayUrban | E15: 115.4 | F15: 114.2 | G15: 102.7 | H15: 105.5 | I15: 101.5 | J15: 110.6 | K15: 123.7 | L15: 105.2 | M15: 101.9 | N15: 105 | O15: 109.1 | P15: 111.3 | Q15: 111.1 | R15: 109.8 | S15: 108.5 | T15: 106.7 | U15: 108.3 | V15: 100.5 | W15: 107.2 | X15: 107.1 | Y15: 106.2 | Z15: 103.9 | AA15: 104.6 | AB15: 105.7 | AC15: 102.6 | AD15: 104.9 | AE15: 106.6
A16: Rural+Urban | B16: 2013 | C16: May | D16: =B16&C16&A16 -> 2013MayRural+Urban | E16: 112.3 | F16: 111.3 | G16: 104.7 | H16: 106.8 | I16: 103.9 | J16: 109.3 | K16: 112.9 | L16: 105.8 | M16: 103.1 | N16: 104.3 | O16: 108.1 | P16: 110.5 | Q16: 109.2 | R16: 108.6 | S16: 108.7 | T16: 107.4 | U16: 108.5 | V16: 100.5 | W16: 107.4 | X16: 106.9 | Y16: 105.9 | Z16: 104 | AA16: 104.8 | AB16: 105.6 | AC16: 102.3 | AD16: 104.8 | AE16: 106.9
A17: Rural | B17: 2013 | C17: June | D17: =B17&C17&A17 -> 2013JuneRural | E17: 112.3 | F17: 112.1 | G17: 108.1 | H17: 108.3 | I17: 105.9 | J17: 109.2 | K17: 118 | L17: 106.8 | M17: 104.1 | N17: 105.4 | O17: 108.2 | P17: 111 | Q17: 110.6 | R17: 109 | S17: 109.7 | T17: 108.8 | U17: 109.5 | V17: NA | W17: 108.5 | X17: 107.5 | Y17: 106.3 | Z17: 105 | AA17: 105.6 | AB17: 106.5 | AC17: 102.5 | AD17: 105.5 | AE17: 108.9
A18: Urban | B18: 2013 | C18: June | D18: =B18&C18&A18 -> 2013JuneUrban | E18: 117 | F18: 120.1 | G18: 112.5 | H18: 107.3 | I18: 101.3 | J18: 112.4 | K18: 143.6 | L18: 105.4 | M18: 101.4 | N18: 106.4 | O18: 110 | P18: 112.2 | Q18: 115 | R18: 110.9 | S18: 109.2 | T18: 107.2 | U18: 108.9 | V18: 106.6 | W18: 108 | X18: 107.7 | Y18: 106.5 | Z18: 105.2 | AA18: 105.2 | AB18: 108.1 | AC18: 103.3 | AD18: 106.1 | AE18: 109.7
A19: Rural+Urban | B19: 2013 | C19: June | D19: =B19&C19&A19 -> 2013JuneRural+Urban | E19: 113.8 | F19: 114.9 | G19: 109.8 | H19: 107.9 | I19: 104.2 | J19: 110.7 | K19: 126.7 | L19: 106.3 | M19: 103.2 | N19: 105.7 | O19: 109 | P19: 111.6 | Q19: 112.2 | R19: 109.5 | S19: 109.5 | T19: 108.1 | U19: 109.3 | V19: 106.6 | W19: 108.3 | X19: 107.6 | Y19: 106.4 | Z19: 105.1 | AA19: 105.4 | AB19: 107.4 | AC19: 102.8 | AD19: 105.8 | AE19: 109.3
A20: Rural | B20: 2013 | C20: July | D20: =B20&C20&A20 -> 2013JulyRural | E20: 113.4 | F20: 114.9 | G20: 110.5 | H20: 109.3 | I20: 106.2 | J20: 110.3 | K20: 129.2 | L20: 107.1 | M20: 104.3 | N20: 106.4 | O20: 109.1 | P20: 112.1 | Q20: 113.1 | R20: 109.8 | S20: 110.5 | T20: 109.5 | U20: 110.3 | V20: NA | W20: 109.5 | X20: 108.3 | Y20: 106.9 | Z20: 106.8 | AA20: 106.4 | AB20: 107.8 | AC20: 102.5 | AD20: 106.5 | AE20: 110.7
A21: Urban | B21: 2013 | C21: July | D21: =B21&C21&A21 -> 2013JulyUrban | E21: 117.8 | F21: 119.2 | G21: 114 | H21: 108.3 | I21: 101.1 | J21: 113.2 | K21: 160.9 | L21: 105.1 | M21: 101.3 | N21: 107.5 | O21: 110.4 | P21: 113.1 | Q21: 117.5 | R21: 111.7 | S21: 109.8 | T21: 107.8 | U21: 109.5 | V21: 107.7 | W21: 108.6 | X21: 108.1 | Y21: 107.1 | Z21: 107.3 | AA21: 105.9 | AB21: 110.1 | AC21: 103.2 | AD21: 107.3 | AE21: 111.4
A22: Rural+Urban | B22: 2013 | C22: July | D22: =B22&C22&A22 -> 2013JulyRural+Urban | E22: 114.8 | F22: 116.4 | G22: 111.9 | H22: 108.9 | I22: 104.3 | J22: 111.7 | K22: 140 | L22: 106.4 | M22: 103.3 | N22: 106.8 | O22: 109.6 | P22: 112.6 | Q22: 114.7 | R22: 110.3 | S22: 110.2 | T22: 108.8 | U22: 110 | V22: 107.7 | W22: 109.2 | X22: 108.2 | Y22: 107 | Z22: 107.1 | AA22: 106.1 | AB22: 109.1 | AC22: 102.8 | AD22: 106.9 | AE22: 111
A23: Rural | B23: 2013 | C23: August | D23: =B23&C23&A23 -> 2013AugustRural | E23: 114.3 | F23: 115.4 | G23: 111.1 | H23: 110 | I23: 106.4 | J23: 110.8 | K23: 138.9 | L23: 107.4 | M23: 104.1 | N23: 106.9 | O23: 109.7 | P23: 112.6 | Q23: 114.9 | R23: 110.7 | S23: 111.3 | T23: 110.2 | U23: 111.1 | V23: NA | W23: 109.9 | X23: 108.7 | Y23: 107.5 | Z23: 107.8 | AA23: 106.8 | AB23: 108.7 | AC23: 105 | AD23: 107.5 | AE23: 112.1
A24: Urban | B24: 2013 | C24: August | D24: =B24&C24&A24 -> 2013AugustUrban | E24: 118.3 | F24: 120.4 | G24: 112.7 | H24: 108.9 | I24: 101.1 | J24: 108.7 | K24: 177 | L24: 104.7 | M24: 101 | N24: 108.5 | O24: 110.9 | P24: 114.3 | Q24: 119.6 | R24: 112.4 | S24: 110.6 | T24: 108.3 | U24: 110.2 | V24: 108.9 | W24: 109.3 | X24: 108.7 | Y24: 107.6 | Z24: 108.1 | AA24: 106.5 | AB24: 110.8 | AC24: 106 | AD24: 108.3 | AE24: 112.7
A25: Rural+Urban | B25: 2013 | C25: August | D25: =B25&C25&A25 -> 2013AugustRural+Urban | E25: 115.6 | F25: 117.2 | G25: 111.7 | H25: 109.6 | I25: 104.5 | J25: 109.8 | K25: 151.8 | L25: 106.5 | M25: 103.1 | N25: 107.4 | O25: 110.2 | P25: 113.4 | Q25: 116.6 | R25: 111.2 | S25: 111 | T25: 109.4 | U25: 110.7 | V25: 108.9 | W25: 109.7 | X25: 108.7 | Y25: 107.5 | Z25: 108 | AA25: 106.6 | AB25: 109.9 | AC25: 105.4 | AD25: 107.9 | AE25: 112.4
A26: Rural | B26: 2013 | C26: September | D26: =B26&C26&A26 -> 2013SeptemberRural | E26: 115.4 | F26: 115.7 | G26: 111.7 | H26: 111 | I26: 107.4 | J26: 110.9 | K26: 154 | L26: 108.1 | M26: 104.2 | N26: 107.9 | O26: 110.4 | P26: 114 | Q26: 117.8 | R26: 111.7 | S26: 112.7 | T26: 111.4 | U26: 112.5 | V26: NA | W26: 111.1 | X26: 109.6 | Y26: 108.3 | Z26: 109.3 | AA26: 107.7 | AB26: 109.8 | AC26: 106.7 | AD26: 108.7 | AE26: 114.2
A27: Urban | B27: 2013 | C27: September | D27: =B27&C27&A27 -> 2013SeptemberUrban | E27: 118.6 | F27: 119.1 | G27: 113.2 | H27: 109.6 | I27: 101.7 | J27: 103.2 | K27: 174.3 | L27: 105.1 | M27: 100.8 | N27: 109.1 | O27: 111.1 | P27: 115.4 | Q27: 119.2 | R27: 112.9 | S27: 111.4 | T27: 109 | U27: 111.1 | V27: 109.7 | W27: 109.5 | X27: 109.6 | Y27: 107.9 | Z27: 110.4 | AA27: 107.4 | AB27: 111.2 | AC27: 106.9 | AD27: 109.4 | AE27: 113.2
A28: Rural+Urban | B28: 2013 | C28: September | D28: =B28&C28&A28 -> 2013SeptemberRural+Urban | E28: 116.4 | F28: 116.9 | G28: 112.3 | H28: 110.5 | I28: 105.3 | J28: 107.3 | K28: 160.9 | L28: 107.1 | M28: 103.1 | N28: 108.3 | O28: 110.7 | P28: 114.6 | Q28: 118.3 | R28: 112 | S28: 112.2 | T28: 110.4 | U28: 111.9 | V28: 109.7 | W28: 110.5 | X28: 109.6 | Y28: 108.1 | Z28: 109.9 | AA28: 107.5 | AB28: 110.6 | AC28: 106.8 | AD28: 109 | AE28: 113.7
A29: Rural | B29: 2013 | C29: October | D29: =B29&C29&A29 -> 2013OctoberRural | E29: 116.3 | F29: 115.4 | G29: 112.6 | H29: 111.7 | I29: 107.7 | J29: 113.2 | K29: 164.9 | L29: 108.3 | M29: 103.9 | N29: 108.2 | O29: 111.1 | P29: 114.9 | Q29: 119.8 | R29: 112.2 | S29: 113.6 | T29: 112.3 | U29: 113.4 | V29: NA | W29: 111.6 | X29: 110.4 | Y29: 108.9 | Z29: 109.3 | AA29: 108.3 | AB29: 110.2 | AC29: 107.5 | AD29: 109.1 | AE29: 115.5
A30: Urban | B30: 2013 | C30: October | D30: =B30&C30&A30 -> 2013OctoberUrban | E30: 118.9 | F30: 118.1 | G30: 114.5 | H30: 110.4 | I30: 102.3 | J30: 106.2 | K30: 183.5 | L30: 105.3 | M30: 100.2 | N30: 109.6 | O30: 111.4 | P30: 116 | Q30: 120.8 | R30: 113.5 | S30: 112.5 | T30: 109.7 | U30: 112 | V30: 110.5 | W30: 109.7 | X30: 110.2 | Y30: 108.2 | Z30: 109.7 | AA30: 108 | AB30: 111.3 | AC30: 107.3 | AD30: 109.4 | AE30: 114
A31: Rural+Urban | B31: 2013 | C31: October | D31: =B31&C31&A31 -> 2013OctoberRural+Urban | E31: 117.1 | F31: 116.3 | G31: 113.3 | H31: 111.2 | I31: 105.7 | J31: 109.9 | K31: 171.2 | L31: 107.3 | M31: 102.7 | N31: 108.7 | O31: 111.2 | P31: 115.4 | Q31: 120.2 | R31: 112.5 | S31: 113.2 | T31: 111.2 | U31: 112.8 | V31: 110.5 | W31: 110.9 | X31: 110.3 | Y31: 108.6 | Z31: 109.5 | AA31: 108.1 | AB31: 110.8 | AC31: 107.4 | AD31: 109.2 | AE31: 114.8
A32: Rural | B32: 2013 | C32: November | D32: =B32&C32&A32 -> 2013November Rural | E32: 117.3 | F32: 114.9 | G32: 116.2 | H32: 112.8 | I32: 108.9 | J32: 116.6 | K32: 178.1 | L32: 109.1 | M32: 103.6 | N32: 109 | O32: 111.8 | P32: 116 | Q32: 122.5 | R32: 112.8 | S32: 114.6 | T32: 113.1 | U32: 114.4 | V32: NA | W32: 112.6 | X32: 111.3 | Y32: 109.7 | Z32: 109.6 | AA32: 108.7 | AB32: 111 | AC32: 108.2 | AD32: 109.8 | AE32: 117.4
A33: Urban | B33: 2013 | C33: November | D33: =B33&C33&A33 -> 2013NovemberUrban | E33: 119.8 | F33: 116.3 | G33: 122.6 | H33: 112 | I33: 103.2 | J33: 110 | K33: 192.8 | L33: 106.3 | M33: 99.5 | N33: 110.3 | O33: 111.8 | P33: 117.1 | Q33: 122.9 | R33: 114.1 | S33: 113.5 | T33: 110.3 | U33: 113 | V33: 111.1 | W33: 110 | X33: 110.9 | Y33: 108.6 | Z33: 109.5 | AA33: 108.5 | AB33: 111.3 | AC33: 107.9 | AD33: 109.6 | AE33: 115
A34: Rural+Urban | B34: 2013 | C34: November | D34: =B34&C34&A34 -> 2013NovemberRural+Urban | E34: 118.1 | F34: 115.4 | G34: 118.7 | H34: 112.5 | I34: 106.8 | J34: 113.5 | K34: 183.1 | L34: 108.2 | M34: 102.2 | N34: 109.4 | O34: 111.8 | P34: 116.5 | Q34: 122.6 | R34: 113.1 | S34: 114.2 | T34: 111.9 | U34: 113.8 | V34: 111.1 | W34: 111.6 | X34: 111.1 | Y34: 109.3 | Z34: 109.5 | AA34: 108.6 | AB34: 111.2 | AC34: 108.1 | AD34: 109.7 | AE34: 116.3
A35: Rural | B35: 2013 | C35: December | D35: =B35&C35&A35 -> 2013DecemberRural | E35: 118.4 | F35: 115.9 | G35: 120.4 | H35: 113.8 | I35: 109.5 | J35: 115.5 | K35: 145.7 | L35: 109.5 | M35: 102.9 | N35: 109.8 | O35: 112.1 | P35: 116.8 | Q35: 118.7 | R35: 113.6 | S35: 115.8 | T35: 114 | U35: 115.5 | V35: NA | W35: 112.8 | X35: 112.1 | Y35: 110.1 | Z35: 109.9 | AA35: 109.2 | AB35: 111.6 | AC35: 108.1 | AD35: 110.1 | AE35: 115.5
A36: Urban | B36: 2013 | C36: December | D36: =B36&C36&A36 -> 2013DecemberUrban | E36: 120.5 | F36: 118.1 | G36: 128.5 | H36: 112.8 | I36: 103.4 | J36: 110.7 | K36: 144.8 | L36: 107.1 | M36: 98.6 | N36: 111.9 | O36: 112.1 | P36: 118.1 | Q36: 117.8 | R36: 115 | S36: 114.2 | T36: 110.9 | U36: 113.7 | V36: 110.7 | W36: 110.4 | X36: 111.3 | Y36: 109 | Z36: 109.7 | AA36: 108.9 | AB36: 111.4 | AC36: 107.7 | AD36: 109.8 | AE36: 113.3
A37: Rural+Urban | B37: 2013 | C37: December | D37: =B37&C37&A37 -> 2013DecemberRural+Urban | E37: 119.1 | F37: 116.7 | G37: 123.5 | H37: 113.4 | I37: 107.3 | J37: 113.3 | K37: 145.4 | L37: 108.7 | M37: 101.5 | N37: 110.5 | O37: 112.1 | P37: 117.4 | Q37: 118.4 | R37: 114 | S37: 115.2 | T37: 112.7 | U37: 114.8 | V37: 110.7 | W37: 111.9 | X37: 111.7 | Y37: 109.7 | Z37: 109.8 | AA37: 109 | AB37: 111.5 | AC37: 107.9 | AD37: 110 | AE37: 114.5
A38: Rural | B38: 2014 | C38: January | D38: =B38&C38&A38 -> 2014JanuaryRural | E38: 118.9 | F38: 117.1 | G38: 120.5 | H38: 114.4 | I38: 109 | J38: 115.5 | K38: 123.9 | L38: 109.6 | M38: 101.8 | N38: 110.2 | O38: 112.4 | P38: 117.3 | Q38: 116 | R38: 114 | S38: 116.5 | T38: 114.5 | U38: 116.2 | V38: NA | W38: 113 | X38: 112.6 | Y38: 110.6 | Z38: 110.5 | AA38: 109.6 | AB38: 111.8 | AC38: 108.3 | AD38: 110.6 | AE38: 114.2
A39: Urban | B39: 2014 | C39: January | D39: =B39&C39&A39 -> 2014JanuaryUrban | E39: 121.2 | F39: 122 | G39: 129.9 | H39: 113.6 | I39: 102.9 | J39: 112.1 | K39: 118.9 | L39: 107.5 | M39: 96.9 | N39: 112.7 | O39: 112.1 | P39: 119 | Q39: 115.5 | R39: 115.7 | S39: 114.8 | T39: 111.3 | U39: 114.3 | V39: 111.6 | W39: 111 | X39: 111.9 | Y39: 109.7 | Z39: 110.8 | AA39: 109.8 | AB39: 111.5 | AC39: 108 | AD39: 110.5 | AE39: 112.9
A40: Rural+Urban | B40: 2014 | C40: January | D40: =B40&C40&A40 -> 2014JanuaryRural+Urban | E40: 119.6 | F40: 118.8 | G40: 124.1 | H40: 114.1 | I40: 106.8 | J40: 113.9 | K40: 122.2 | L40: 108.9 | M40: 100.2 | N40: 111 | O40: 112.3 | P40: 118.1 | Q40: 115.8 | R40: 114.5 | S40: 115.8 | T40: 113.2 | U40: 115.4 | V40: 111.6 | W40: 112.2 | X40: 112.3 | Y40: 110.3 | Z40: 110.7 | AA40: 109.7 | AB40: 111.6 | AC40: 108.2 | AD40: 110.6 | AE40: 113.6
A41: Rural | B41: 2014 | C41: February | D41: =B41&C41&A41 -> 2014FebruaryRural | E41: 119.4 | F41: 117.7 | G41: 121.2 | H41: 115 | I41: 109 | J41: 116.6 | K41: 116 | L41: 109.8 | M41: 101.1 | N41: 110.4 | O41: 112.9 | P41: 117.8 | Q41: 115.3 | R41: 114.2 | S41: 117.1 | T41: 114.5 | U41: 116.7 | V41: NA | W41: 113.2 | X41: 112.9 | Y41: 110.9 | Z41: 110.8 | AA41: 109.9 | AB41: 112 | AC41: 108.7 | AD41: 110.9 | AE41: 114
A42: Urban | B42: 2014 | C42: February | D42: =B42&C42&A42 -> 2014FebruaryUrban | E42: 121.9 | F42: 122 | G42: 124.5 | H42: 115.2 | I42: 102.5 | J42: 114.1 | K42: 111.5 | L42: 108.2 | M42: 95.4 | N42: 113.5 | O42: 112.1 | P42: 119.9 | Q42: 115.2 | R42: 116.2 | S42: 115.3 | T42: 111.7 | U42: 114.7 | V42: 112.5 | W42: 111.1 | X42: 112.6 | Y42: 110.4 | Z42: 111.3 | AA42: 110.3 | AB42: 111.6 | AC42: 108.7 | AD42: 111 | AE42: 113.1
A43: Rural+Urban | B43: 2014 | C43: February | D43: =B43&C43&A43 -> 2014FebruaryRural+Urban | E43: 120.2 | F43: 119.2 | G43: 122.5 | H43: 115.1 | I43: 106.6 | J43: 115.4 | K43: 114.5 | L43: 109.3 | M43: 99.2 | N43: 111.4 | O43: 112.6 | P43: 118.8 | Q43: 115.3 | R43: 114.7 | S43: 116.4 | T43: 113.3 | U43: 115.9 | V43: 112.5 | W43: 112.4 | X43: 112.8 | Y43: 110.7 | Z43: 111.1 | AA43: 110.1 | AB43: 111.8 | AC43: 108.7 | AD43: 110.9 | AE43: 113.6
A44: Rural | B44: 2014 | C44: March | D44: =B44&C44&A44 -> 2014MarchRural | E44: 120.1 | F44: 118.1 | G44: 120.7 | H44: 116.1 | I44: 109.3 | J44: 119.6 | K44: 117.9 | L44: 110.2 | M44: 101.2 | N44: 110.7 | O44: 113 | P44: 118.3 | Q44: 116.2 | R44: 114.6 | S44: 117.5 | T44: 114.9 | U44: 117.2 | V44: NA | W44: 113.4 | X44: 113.4 | Y44: 111.4 | Z44: 111.2 | AA44: 110.2 | AB44: 112.4 | AC44: 108.9 | AD44: 111.3 | AE44: 114.6
A45: Urban | B45: 2014 | C45: March | D45: =B45&C45&A45 -> 2014MarchUrban | E45: 122.1 | F45: 121.4 | G45: 121.5 | H45: 116.2 | I45: 102.8 | J45: 117.7 | K45: 113.3 | L45: 108.9 | M45: 96.3 | N45: 114.1 | O45: 112.2 | P45: 120.5 | Q45: 116 | R45: 116.7 | S45: 115.8 | T45: 112.1 | U45: 115.2 | V45: 113.2 | W45: 110.9 | X45: 113 | Y45: 110.8 | Z45: 111.6 | AA45: 110.9 | AB45: 111.8 | AC45: 109.2 | AD45: 111.4 | AE45: 113.7
A46: Rural+Urban | B46: 2014 | C46: Marcrh | D46: =B46&C46&A46 -> 2014MarcrhRural+Urban | E46: 120.7 | F46: 119.3 | G46: 121 | H46: 116.1 | I46: 106.9 | J46: 118.7 | K46: 116.3 | L46: 109.8 | M46: 99.6 | N46: 111.8 | O46: 112.7 | P46: 119.3 | Q46: 116.1 | R46: 115.2 | S46: 116.8 | T46: 113.7 | U46: 116.4 | V46: 113.2 | W46: 112.5 | X46: 113.2 | Y46: 111.2 | Z46: 111.4 | AA46: 110.6 | AB46: 112 | AC46: 109 | AD46: 111.3 | AE46: 114.2
A47: Rural | B47: 2014 | C47: April | D47: =B47&C47&A47 -> 2014AprilRural | E47: 120.2 | F47: 118.9 | G47: 118.1 | H47: 117 | I47: 109.7 | J47: 125.5 | K47: 120.5 | L47: 111 | M47: 102.6 | N47: 111.2 | O47: 113.5 | P47: 118.7 | Q47: 117.2 | R47: 115.4 | S47: 118.1 | T47: 116.1 | U47: 117.8 | V47: NA | W47: 113.4 | X47: 113.7 | Y47: 111.8 | Z47: 111.2 | AA47: 110.5 | AB47: 113 | AC47: 108.9 | AD47: 111.5 | AE47: 115.4
A48: Urban | B48: 2014 | C48: April | D48: =B48&C48&A48 -> 2014AprilUrban | E48: 122.5 | F48: 121.7 | G48: 113.3 | H48: 117 | I48: 103.1 | J48: 126.7 | K48: 121.2 | L48: 111 | M48: 100.3 | N48: 115.3 | O48: 112.7 | P48: 121 | Q48: 118.2 | R48: 117.6 | S48: 116.3 | T48: 112.5 | U48: 115.7 | V48: 113.9 | W48: 110.9 | X48: 113.4 | Y48: 111 | Z48: 111.2 | AA48: 111.2 | AB48: 112.5 | AC48: 109.1 | AD48: 111.4 | AE48: 114.7
A49: Rural+Urban | B49: 2014 | C49: April | D49: =B49&C49&A49 -> 2014AprilRural+Urban | E49: 120.9 | F49: 119.9 | G49: 116.2 | H49: 117 | I49: 107.3 | J49: 126.1 | K49: 120.7 | L49: 111 | M49: 101.8 | N49: 112.6 | O49: 113.2 | P49: 119.8 | Q49: 117.6 | R49: 116 | S49: 117.4 | T49: 114.6 | U49: 117 | V49: 113.9 | W49: 112.5 | X49: 113.6 | Y49: 111.5 | Z49: 111.2 | AA49: 110.9 | AB49: 112.7 | AC49: 109 | AD49: 111.5 | AE49: 115.1
A50: Rural | B50: 2014 | C50: May | D50: =B50&C50&A50 -> 2014MayRural | E50: 120.3 | F50: 120.2 | G50: 116.9 | H50: 118 | I50: 110.1 | J50: 126.3 | K50: 123.9 | L50: 111.5 | M50: 103.5 | N50: 111.6 | O50: 114.2 | P50: 119.2 | Q50: 118.2 | R50: 116.3 | S50: 118.7 | T50: 116.8 | U50: 118.5 | V50: NA | W50: 113.4 | X50: 114.1 | Y50: 112.1 | Z50: 111.4 | AA50: 110.9 | AB50: 113.1 | AC50: 108.9 | AD50: 111.8 | AE50: 116
A51: Urban | B51: 2014 | C51: May | D51: =B51&C51&A51 -> 2014MayUrban | E51: 122.7 | F51: 124.1 | G51: 114.2 | H51: 119.1 | I51: 103.5 | J51: 129.2 | K51: 127 | L51: 112.6 | M51: 101.3 | N51: 117 | O51: 112.9 | P51: 121.7 | Q51: 120 | R51: 118.3 | S51: 116.8 | T51: 112.9 | U51: 116.2 | V51: 114.3 | W51: 111.1 | X51: 114.1 | Y51: 111.2 | Z51: 111.3 | AA51: 111.5 | AB51: 112.9 | AC51: 109.3 | AD51: 111.7 | AE51: 115.6
A52: Rural+Urban | B52: 2014 | C52: May | D52: =B52&C52&A52 -> 2014MayRural+Urban | E52: 121.1 | F52: 121.6 | G52: 115.9 | H52: 118.4 | I52: 107.7 | J52: 127.7 | K52: 125 | L52: 111.9 | M52: 102.8 | N52: 113.4 | O52: 113.7 | P52: 120.4 | Q52: 118.9 | R52: 116.8 | S52: 118 | T52: 115.2 | U52: 117.6 | V52: 114.3 | W52: 112.5 | X52: 114.1 | Y52: 111.8 | Z52: 111.3 | AA52: 111.2 | AB52: 113 | AC52: 109.1 | AD52: 111.8 | AE52: 115.8
A53: Rural | B53: 2014 | C53: June | D53: =B53&C53&A53 -> 2014JuneRural | E53: 120.7 | F53: 121.6 | G53: 116.1 | H53: 119.3 | I53: 110.3 | J53: 125.8 | K53: 129.3 | L53: 112.2 | M53: 103.6 | N53: 112.3 | O53: 114.9 | P53: 120.1 | Q53: 119.5 | R53: 117.3 | S53: 119.7 | T53: 117.3 | U53: 119.3 | V53: NA | W53: 114.4 | X53: 114.9 | Y53: 112.8 | Z53: 112.2 | AA53: 111.4 | AB53: 114.3 | AC53: 108 | AD53: 112.3 | AE53: 117
A54: Urban | B54: 2014 | C54: June | D54: =B54&C54&A54 -> 2014JuneUrban | E54: 123.1 | F54: 125.9 | G54: 115.4 | H54: 120.4 | I54: 103.4 | J54: 131.2 | K54: 137.5 | L54: 112.8 | M54: 101.4 | N54: 118.3 | O54: 113.2 | P54: 122.4 | Q54: 122 | R54: 119 | S54: 117.4 | T54: 113.2 | U54: 116.7 | V54: 113.9 | W54: 111.2 | X54: 114.3 | Y54: 111.4 | Z54: 111.5 | AA54: 111.8 | AB54: 115.1 | AC54: 108.7 | AD54: 112.2 | AE54: 116.4
A55: Rural+Urban | B55: 2014 | C55: June | D55: =B55&C55&A55 -> 2014JuneRural+Urban | E55: 121.5 | F55: 123.1 | G55: 115.8 | H55: 119.7 | I55: 107.8 | J55: 128.3 | K55: 132.1 | L55: 112.4 | M55: 102.9 | N55: 114.3 | O55: 114.2 | P55: 121.2 | Q55: 120.4 | R55: 117.8 | S55: 118.8 | T55: 115.6 | U55: 118.3 | V55: 113.9 | W55: 113.2 | X55: 114.6 | Y55: 112.3 | Z55: 111.8 | AA55: 111.6 | AB55: 114.8 | AC55: 108.3 | AD55: 112.3 | AE55: 116.7
A56: Rural | B56: 2014 | C56: July | D56: =B56&C56&A56 -> 2014JulyRural | E56: 121.7 | F56: 122.5 | G56: 117.7 | H56: 120.6 | I56: 110.4 | J56: 129.1 | K56: 150.1 | L56: 113.2 | M56: 104.8 | N56: 113.3 | O56: 115.6 | P56: 120.9 | Q56: 123.3 | R56: 118 | S56: 120.7 | T56: 118.3 | U56: 120.3 | V56: NA | W56: 115.3 | X56: 115.4 | Y56: 113.4 | Z56: 113.2 | AA56: 111.8 | AB56: 115.5 | AC56: 108.8 | AD56: 113.1 | AE56: 119.5
A57: Urban | B57: 2014 | C57: July | D57: =B57&C57&A57 -> 2014JulyUrban | E57: 123.8 | F57: 126.4 | G57: 118 | H57: 121.6 | I57: 103.5 | J57: 133.7 | K57: 172.4 | L57: 113.1 | M57: 102.7 | N57: 120 | O57: 113.8 | P57: 123.4 | Q57: 127.1 | R57: 121 | S57: 118 | T57: 113.6 | U57: 117.4 | V57: 114.8 | W57: 111.6 | X57: 114.9 | Y57: 111.5 | Z57: 113 | AA57: 112.4 | AB57: 117.8 | AC57: 109.7 | AD57: 113.5 | AE57: 118.9
A58: Rural+Urban | B58: 2014 | C58: July | D58: =B58&C58&A58 -> 2014JulyRural+Urban | E58: 122.4 | F58: 123.9 | G58: 117.8 | H58: 121 | I58: 107.9 | J58: 131.2 | K58: 157.7 | L58: 113.2 | M58: 104.1 | N58: 115.5 | O58: 114.8 | P58: 122.1 | Q58: 124.7 | R58: 118.8 | S58: 119.6 | T58: 116.3 | U58: 119.1 | V58: 114.8 | W58: 113.9 | X58: 115.2 | Y58: 112.7 | Z58: 113.1 | AA58: 112.1 | AB58: 116.8 | AC58: 109.2 | AD58: 113.3 | AE58: 119.2
A59: Rural | B59: 2014 | C59: August | D59: =B59&C59&A59 -> 2014AugustRural | E59: 121.8 | F59: 122.8 | G59: 117.8 | H59: 121.9 | I59: 110.6 | J59: 129.7 | K59: 161.1 | L59: 114.1 | M59: 105.1 | N59: 114.6 | O59: 115.8 | P59: 121.7 | Q59: 125.3 | R59: 118.8 | S59: 120.9 | T59: 118.8 | U59: 120.7 | V59: NA | W59: 115.4 | X59: 115.9 | Y59: 114 | Z59: 113.2 | AA59: 112.2 | AB59: 116.2 | AC59: 109.4 | AD59: 113.5 | AE59: 120.7
A60: Urban | B60: 2014 | C60: August | D60: =B60&C60&A60 -> 2014AugustUrban | E60: 124.8 | F60: 127.3 | G60: 116.5 | H60: 122.2 | I60: 103.6 | J60: 132.7 | K60: 181.9 | L60: 115.2 | M60: 102.7 | N60: 122.1 | O60: 114.4 | P60: 124.7 | Q60: 128.9 | R60: 123 | S60: 118.6 | T60: 114.1 | U60: 117.9 | V60: 115.5 | W60: 111.8 | X60: 115.3 | Y60: 112.2 | Z60: 112.5 | AA60: 112.9 | AB60: 119.2 | AC60: 110.5 | AD60: 113.9 | AE60: 119.9
A61: Rural+Urban | B61: 2014 | C61: August | D61: =B61&C61&A61 -> 2014AugustRural+Urban | E61: 122.7 | F61: 124.4 | G61: 117.3 | H61: 122 | I61: 108 | J61: 131.1 | K61: 168.2 | L61: 114.5 | M61: 104.3 | N61: 117.1 | O61: 115.2 | P61: 123.1 | Q61: 126.6 | R61: 119.9 | S61: 120 | T61: 116.8 | U61: 119.6 | V61: 115.5 | W61: 114 | X61: 115.6 | Y61: 113.3 | Z61: 112.8 | AA61: 112.6 | AB61: 118 | AC61: 109.9 | AD61: 113.7 | AE61: 120.3
A62: Rural | B62: 2014 | C62: September | D62: =B62&C62&A62 -> 2014SeptemberRural | E62: 122.3 | F62: 122.4 | G62: 117.8 | H62: 122.7 | I62: 110.4 | J62: 129.8 | K62: 158.8 | L62: 115 | M62: 104.7 | N62: 114.9 | O62: 116.5 | P62: 122.6 | Q62: 125.3 | R62: 119.5 | S62: 121.7 | T62: 119.2 | U62: 121.3 | V62: NA | W62: 115.8 | X62: 116.7 | Y62: 114.5 | Z62: 112.8 | AA62: 112.6 | AB62: 116.6 | AC62: 109.1 | AD62: 113.7 | AE62: 120.9
A63: Urban | B63: 2014 | C63: September | D63: =B63&C63&A63 -> 2014SeptemberUrban | E63: 124.2 | F63: 125.4 | G63: 116.4 | H63: 122.7 | I63: 103.5 | J63: 124.5 | K63: 168.6 | L63: 116.9 | M63: 101.9 | N63: 122.9 | O63: 114.8 | P63: 125.2 | Q63: 126.7 | R63: 124.3 | S63: 119.2 | T63: 114.5 | U63: 118.4 | V63: 116.1 | W63: 111.8 | X63: 115.5 | Y63: 112.3 | Z63: 111.2 | AA63: 113.4 | AB63: 120 | AC63: 110 | AD63: 113.6 | AE63: 119.2
A64: Rural+Urban | B64: 2014 | C64: September | D64: =B64&C64&A64 -> 2014SeptemberRural+Urban | E64: 122.9 | F64: 123.5 | G64: 117.3 | H64: 122.7 | I64: 107.9 | J64: 127.3 | K64: 162.1 | L64: 115.6 | M64: 103.8 | N64: 117.6 | O64: 115.8 | P64: 123.8 | Q64: 125.8 | R64: 120.8 | S64: 120.7 | T64: 117.2 | U64: 120.1 | V64: 116.1 | W64: 114.3 | X64: 116.1 | Y64: 113.7 | Z64: 112 | AA64: 113.1 | AB64: 118.6 | AC64: 109.5 | AD64: 113.7 | AE64: 120.1
A65: Rural | B65: 2014 | C65: October | D65: =B65&C65&A65 -> 2014OctoberRural | E65: 122.6 | F65: 122.5 | G65: 118.3 | H65: 123.2 | I65: 110.5 | J65: 128.9 | K65: 155.3 | L65: 115.5 | M65: 104 | N65: 115.3 | O65: 116.8 | P65: 123.2 | Q65: 125.1 | R65: 120 | S65: 122.7 | T65: 120.3 | U65: 122.3 | V65: NA | W65: 116.4 | X65: 117.5 | Y65: 115.3 | Z65: 112.6 | AA65: 113 | AB65: 116.9 | AC65: 109.3 | AD65: 114 | AE65: 121
A66: Urban | B66: 2014 | C66: October | D66: =B66&C66&A66 -> 2014OctoberUrban | E66: 124.6 | F66: 126.1 | G66: 117.8 | H66: 123.1 | I66: 103.5 | J66: 123.5 | K66: 159.6 | L66: 117.4 | M66: 101.2 | N66: 123.8 | O66: 115.2 | P66: 125.9 | Q66: 125.8 | R66: 124.3 | S66: 119.6 | T66: 114.9 | U66: 118.9 | V66: 116.7 | W66: 112 | X66: 115.8 | Y66: 112.6 | Z66: 111 | AA66: 113.6 | AB66: 120.2 | AC66: 110.1 | AD66: 113.7 | AE66: 119.1
A67: Rural+Urban | B67: 2014 | C67: October | D67: =B67&C67&A67 -> 2014OctoberRural+Urban | E67: 123.2 | F67: 123.8 | G67: 118.1 | H67: 123.2 | I67: 107.9 | J67: 126.4 | K67: 156.8 | L67: 116.1 | M67: 103.1 | N67: 118.1 | O67: 116.1 | P67: 124.5 | Q67: 125.4 | R67: 121.1 | S67: 121.5 | T67: 118.1 | U67: 121 | V67: 116.7 | W67: 114.7 | X67: 116.7 | Y67: 114.3 | Z67: 111.8 | AA67: 113.3 | AB67: 118.8 | AC67: 109.6 | AD67: 113.9 | AE67: 120.1
A68: Rural | B68: 2014 | C68: November | D68: =B68&C68&A68 -> 2014NovemberRural | E68: 122.7 | F68: 122.6 | G68: 119.9 | H68: 124 | I68: 110.5 | J68: 128.8 | K68: 152 | L68: 116.2 | M68: 103.3 | N68: 115.8 | O68: 116.8 | P68: 124.5 | Q68: 124.9 | R68: 120.8 | S68: 123.3 | T68: 120.5 | U68: 122.9 | V68: NA | W68: 117.3 | X68: 118.1 | Y68: 115.9 | Z68: 112 | AA68: 113.3 | AB68: 117.2 | AC68: 108.8 | AD68: 114.1 | AE68: 121.1
A69: Urban | B69: 2014 | C69: November | D69: =B69&C69&A69 -> 2014NovemberUrban | E69: 124.5 | F69: 125.6 | G69: 122.7 | H69: 124.6 | I69: 103.2 | J69: 122.2 | K69: 153.2 | L69: 119.3 | M69: 99.8 | N69: 124.6 | O69: 115.8 | P69: 126.9 | Q69: 125.4 | R69: 125.8 | S69: 120.3 | T69: 115.4 | U69: 119.5 | V69: 117.1 | W69: 112.6 | X69: 116.4 | Y69: 113 | Z69: 109.7 | AA69: 114 | AB69: 120.3 | AC69: 109.6 | AD69: 113.4 | AE69: 119
A70: Rural+Urban | B70: 2014 | C70: November | D70: =B70&C70&A70 -> 2014NovemberRural+Urban | E70: 123.3 | F70: 123.7 | G70: 121 | H70: 124.2 | I70: 107.8 | J70: 125.7 | K70: 152.4 | L70: 117.2 | M70: 102.1 | N70: 118.7 | O70: 116.4 | P70: 125.6 | Q70: 125.1 | R70: 122.1 | S70: 122.1 | T70: 118.4 | U70: 121.6 | V70: 117.1 | W70: 115.5 | X70: 117.3 | Y70: 114.8 | Z70: 110.8 | AA70: 113.7 | AB70: 119 | AC70: 109.1 | AD70: 113.8 | AE70: 120.1
A71: Rural | B71: 2014 | C71: December | D71: =B71&C71&A71 -> 2014DecemberRural | E71: 122.4 | F71: 122.4 | G71: 121.8 | H71: 124.2 | I71: 110.2 | J71: 128.6 | K71: 140.3 | L71: 116.3 | M71: 102 | N71: 116 | O71: 117.3 | P71: 124.8 | Q71: 123.3 | R71: 121.7 | S71: 123.8 | T71: 120.6 | U71: 123.3 | V71: NA | W71: 117.4 | X71: 118.2 | Y71: 116.2 | Z71: 111.5 | AA71: 113.3 | AB71: 117.7 | AC71: 109.4 | AD71: 114.2 | AE71: 120.3
A72: Urban | B72: 2014 | C72: December | D72: =B72&C72&A72 -> 2014DecemberUrban | E72: 124 | F72: 124.7 | G72: 126.3 | H72: 124.9 | I72: 103 | J72: 122.3 | K72: 141 | L72: 120.1 | M72: 97.8 | N72: 125.4 | O72: 116.1 | P72: 127.6 | Q72: 124 | R72: 126.4 | S72: 120.7 | T72: 115.8 | U72: 120 | V72: 116.5 | W72: 113 | X72: 116.8 | Y72: 113.2 | Z72: 108.8 | AA72: 114.3 | AB72: 120.7 | AC72: 110.4 | AD72: 113.4 | AE72: 118.4
A73: Rural+Urban | B73: 2014 | C73: December | D73: =B73&C73&A73 -> 2014DecemberRural+Urban | E73: 122.9 | F73: 123.2 | G73: 123.5 | H73: 124.5 | I73: 107.6 | J73: 125.7 | K73: 140.5 | L73: 117.6 | M73: 100.6 | N73: 119.1 | O73: 116.8 | P73: 126.1 | Q73: 123.6 | R73: 123 | S73: 122.6 | T73: 118.6 | U73: 122 | V73: 116.5 | W73: 115.7 | X73: 117.5 | Y73: 115.1 | Z73: 110.1 | AA73: 113.9 | AB73: 119.5 | AC73: 109.8 | AD73: 113.8 | AE73: 119.4
A74: Rural | B74: 2015 | C74: January | D74: =B74&C74&A74 -> 2015JanuaryRural | E74: 123.1 | F74: 123.1 | G74: 122.1 | H74: 124.9 | I74: 111 | J74: 130.4 | K74: 132.3 | L74: 117.2 | M74: 100.5 | N74: 117.2 | O74: 117.9 | P74: 125.6 | Q74: 122.8 | R74: 122.7 | S74: 124.4 | T74: 121.6 | U74: 124 | V74: NA | W74: 118.4 | X74: 118.9 | Y74: 116.6 | Z74: 111 | AA74: 114 | AB74: 118.2 | AC74: 110.2 | AD74: 114.5 | AE74: 120.3
A75: Urban | B75: 2015 | C75: January | D75: =B75&C75&A75 -> 2015JanuaryUrban | E75: 124 | F75: 125.5 | G75: 126.6 | H75: 125.2 | I75: 104.3 | J75: 121.3 | K75: 134.4 | L75: 122.9 | M75: 96.1 | N75: 126.6 | O75: 116.5 | P75: 128 | Q75: 123.5 | R75: 127.4 | S75: 121 | T75: 116.1 | U75: 120.2 | V75: 117.3 | W75: 113.4 | X75: 117.2 | Y75: 113.7 | Z75: 107.9 | AA75: 114.6 | AB75: 120.8 | AC75: 111.4 | AD75: 113.4 | AE75: 118.5
A76: Rural+Urban | B76: 2015 | C76: January | D76: =B76&C76&A76 -> 2015JanuaryRural+Urban | E76: 123.4 | F76: 123.9 | G76: 123.8 | H76: 125 | I76: 108.5 | J76: 126.2 | K76: 133 | L76: 119.1 | M76: 99 | N76: 120.3 | O76: 117.3 | P76: 126.7 | Q76: 123.1 | R76: 124 | S76: 123.1 | T76: 119.3 | U76: 122.5 | V76: 117.3 | W76: 116.5 | X76: 118.1 | Y76: 115.5 | Z76: 109.4 | AA76: 114.3 | AB76: 119.7 | AC76: 110.7 | AD76: 114 | AE76: 119.5
A77: Rural | B77: 2015 | C77: February | D77: =B77&C77&A77 -> 2015FebruaryRural | E77: 123.4 | F77: 124.4 | G77: 122.1 | H77: 125.8 | I77: 111.5 | J77: 129.4 | K77: 128.2 | L77: 118.8 | M77: 100 | N77: 118.6 | O77: 118.8 | P77: 126.8 | Q77: 122.8 | R77: 124.2 | S77: 125.4 | T77: 122.7 | U77: 125 | V77: NA | W77: 120 | X77: 119.6 | Y77: 117.7 | Z77: 110.9 | AA77: 114.8 | AB77: 118.7 | AC77: 110.8 | AD77: 115 | AE77: 120.6
A78: Urban | B78: 2015 | C78: February | D78: =B78&C78&A78 -> 2015FebruaryUrban | E78: 124.3 | F78: 126.5 | G78: 119.5 | H78: 125.6 | I78: 104.9 | J78: 121.6 | K78: 131.8 | L78: 125.1 | M78: 95 | N78: 127.7 | O78: 116.8 | P78: 128.6 | Q78: 123.7 | R78: 128.1 | S78: 121.3 | T78: 116.5 | U78: 120.6 | V78: 118.1 | W78: 114 | X78: 117.7 | Y78: 114.1 | Z78: 106.8 | AA78: 114.9 | AB78: 120.4 | AC78: 111.7 | AD78: 113.2 | AE78: 118.7
A79: Rural+Urban | B79: 2015 | C79: February | D79: =B79&C79&A79 -> 2015FebruaryRural+Urban | E79: 123.7 | F79: 125.1 | G79: 121.1 | H79: 125.7 | I79: 109.1 | J79: 125.8 | K79: 129.4 | L79: 120.9 | M79: 98.3 | N79: 121.6 | O79: 118 | P79: 127.6 | Q79: 123.1 | R79: 125.2 | S79: 123.8 | T79: 120.1 | U79: 123.3 | V79: 118.1 | W79: 117.7 | X79: 118.7 | Y79: 116.3 | Z79: 108.7 | AA79: 114.9 | AB79: 119.7 | AC79: 111.2 | AD79: 114.1 | AE79: 119.7
A80: Rural | B80: 2015 | C80: March | D80: =B80&C80&A80 -> 2015MarchRural | E80: 123.3 | F80: 124.7 | G80: 118.9 | H80: 126 | I80: 111.8 | J80: 130.9 | K80: 128 | L80: 119.9 | M80: 98.9 | N80: 119.4 | O80: 118.9 | P80: 127.7 | Q80: 123.1 | R80: 124.7 | S80: 126 | T80: 122.9 | U80: 125.5 | V80: NA | W80: 120.6 | X80: 120.2 | Y80: 118.2 | Z80: 111.6 | AA80: 115.5 | AB80: 119.4 | AC80: 110.8 | AD80: 115.5 | AE80: 121.1
A81: Urban | B81: 2015 | C81: March | D81: =B81&C81&A81 -> 2015MarchUrban | E81: 124 | F81: 126.7 | G81: 113.5 | H81: 125.9 | I81: 104.8 | J81: 123.8 | K81: 131.4 | L81: 127.2 | M81: 93.2 | N81: 127.4 | O81: 117 | P81: 129.2 | Q81: 123.9 | R81: 128.8 | S81: 121.7 | T81: 116.9 | U81: 120.9 | V81: 118.6 | W81: 114.4 | X81: 118 | Y81: 114.3 | Z81: 108.4 | AA81: 115.4 | AB81: 120.6 | AC81: 111.3 | AD81: 113.8 | AE81: 119.1
A82: Rural+Urban | B82: 2015 | C82: March | D82: =B82&C82&A82 -> 2015MarchRural+Urban | E82: 123.5 | F82: 125.4 | G82: 116.8 | H82: 126 | I82: 109.2 | J82: 127.6 | K82: 129.2 | L82: 122.4 | M82: 97 | N82: 122.1 | O82: 118.1 | P82: 128.4 | Q82: 123.4 | R82: 125.8 | S82: 124.3 | T82: 120.4 | U82: 123.7 | V82: 118.6 | W82: 118.3 | X82: 119.2 | Y82: 116.7 | Z82: 109.9 | AA82: 115.4 | AB82: 120.1 | AC82: 111 | AD82: 114.7 | AE82: 120.2
A83: Rural | B83: 2015 | C83: April | D83: =B83&C83&A83 -> 2015AprilRural | E83: 123.3 | F83: 125.5 | G83: 117.2 | H83: 126.8 | I83: 111.9 | J83: 134.2 | K83: 127.5 | L83: 121.5 | M83: 97.8 | N83: 119.8 | O83: 119.4 | P83: 128.7 | Q83: 123.6 | R83: 125.7 | S83: 126.4 | T83: 123.3 | U83: 126 | V83: NA | W83: 121.2 | X83: 120.9 | Y83: 118.6 | Z83: 111.9 | AA83: 116.2 | AB83: 119.9 | AC83: 111.6 | AD83: 116 | AE83: 121.5
A84: Urban | B84: 2015 | C84: April | D84: =B84&C84&A84 -> 2015AprilUrban | E84: 123.8 | F84: 128.2 | G84: 110 | H84: 126.3 | I84: 104.5 | J84: 130.6 | K84: 130.8 | L84: 131.3 | M84: 91.6 | N84: 127.7 | O84: 117.2 | P84: 129.5 | Q84: 124.6 | R84: 130.1 | S84: 122.1 | T84: 117.2 | U84: 121.3 | V84: 119.2 | W84: 114.7 | X84: 118.4 | Y84: 114.6 | Z84: 108.4 | AA84: 115.6 | AB84: 121.7 | AC84: 111.8 | AD84: 114.2 | AE84: 119.7
A85: Rural+Urban | B85: 2015 | C85: April | D85: =B85&C85&A85 -> 2015AprilRural+Urban | E85: 123.5 | F85: 126.4 | G85: 114.4 | H85: 126.6 | I85: 109.2 | J85: 132.5 | K85: 128.6 | L85: 124.8 | M85: 95.7 | N85: 122.4 | O85: 118.5 | P85: 129.1 | Q85: 124 | R85: 126.9 | S85: 124.7 | T85: 120.8 | U85: 124.1 | V85: 119.2 | W85: 118.7 | X85: 119.7 | Y85: 117.1 | Z85: 110.1 | AA85: 115.9 | AB85: 121 | AC85: 111.7 | AD85: 115.1 | AE85: 120.7
A86: Rural | B86: 2015 | C86: May | D86: =B86&C86&A86 -> 2015MayRural | E86: 123.5 | F86: 127.1 | G86: 117.3 | H86: 127.7 | I86: 112.5 | J86: 134.1 | K86: 128.5 | L86: 124.3 | M86: 97.6 | N86: 120.7 | O86: 120.2 | P86: 129.8 | Q86: 124.4 | R86: 126.7 | S86: 127.3 | T86: 124.1 | U86: 126.8 | V86: NA | W86: 121.9 | X86: 121.5 | Y86: 119.4 | Z86: 113.3 | AA86: 116.7 | AB86: 120.5 | AC86: 112.3 | AD86: 116.9 | AE86: 122.4
A87: Urban | B87: 2015 | C87: May | D87: =B87&C87&A87 -> 2015MayUrban | E87: 123.8 | F87: 129.7 | G87: 111.3 | H87: 126.6 | I87: 105.2 | J87: 130.8 | K87: 135.6 | L87: 142.6 | M87: 90.8 | N87: 128.8 | O87: 117.7 | P87: 129.9 | Q87: 126.1 | R87: 131.3 | S87: 122.4 | T87: 117.4 | U87: 121.6 | V87: 119.6 | W87: 114.9 | X87: 118.7 | Y87: 114.9 | Z87: 110.8 | AA87: 116 | AB87: 122 | AC87: 112.4 | AD87: 115.2 | AE87: 120.7
A88: Rural+Urban | B88: 2015 | C88: May | D88: =B88&C88&A88 -> 2015MayRural+Urban | E88: 123.6 | F88: 128 | G88: 115 | H88: 127.3 | I88: 109.8 | J88: 132.6 | K88: 130.9 | L88: 130.5 | M88: 95.3 | N88: 123.4 | O88: 119.2 | P88: 129.8 | Q88: 125 | R88: 127.9 | S88: 125.4 | T88: 121.3 | U88: 124.7 | V88: 119.6 | W88: 119.2 | X88: 120.2 | Y88: 117.7 | Z88: 112 | AA88: 116.3 | AB88: 121.4 | AC88: 112.3 | AD88: 116.1 | AE88: 121.6
A89: Rural | B89: 2015 | C89: June | D89: =B89&C89&A89 -> 2015JuneRural | E89: 124.1 | F89: 130.4 | G89: 122.1 | H89: 128.7 | I89: 114.1 | J89: 133.2 | K89: 135.2 | L89: 131.9 | M89: 96.3 | N89: 123 | O89: 121.1 | P89: 131.2 | Q89: 126.6 | R89: 128.2 | S89: 128.4 | T89: 125.1 | U89: 128 | V89: NA | W89: 122.6 | X89: 122.8 | Y89: 120.4 | Z89: 114.2 | AA89: 117.9 | AB89: 122 | AC89: 113 | AD89: 117.9 | AE89: 124.1
A90: Urban | B90: 2015 | C90: June | D90: =B90&C90&A90 -> 2015JuneUrban | E90: 123.6 | F90: 134.4 | G90: 120.9 | H90: 127.3 | I90: 106 | J90: 132.3 | K90: 146.7 | L90: 148.1 | M90: 89.8 | N90: 130.5 | O90: 118 | P90: 130.5 | Q90: 128.5 | R90: 132.1 | S90: 123.2 | T90: 117.6 | U90: 122.3 | V90: 119 | W90: 115.1 | X90: 119.2 | Y90: 115.4 | Z90: 111.7 | AA90: 116.2 | AB90: 123.8 | AC90: 112.5 | AD90: 116 | AE90: 121.7
A91: Rural+Urban | B91: 2015 | C91: June | D91: =B91&C91&A91 -> 2015JuneRural+Urban | E91: 123.9 | F91: 131.8 | G91: 121.6 | H91: 128.2 | I91: 111.1 | J91: 132.8 | K91: 139.1 | L91: 137.4 | M91: 94.1 | N91: 125.5 | O91: 119.8 | P91: 130.9 | Q91: 127.3 | R91: 129.2 | S91: 126.4 | T91: 122 | U91: 125.7 | V91: 119 | W91: 119.8 | X91: 121.1 | Y91: 118.5 | Z91: 112.9 | AA91: 116.9 | AB91: 123.1 | AC91: 112.8 | AD91: 117 | AE91: 123
A92: Rural | B92: 2015 | C92: July | D92: =B92&C92&A92 -> 2015JulyRural | E92: 124 | F92: 131.5 | G92: 122 | H92: 128.7 | I92: 113.5 | J92: 133.3 | K92: 140.8 | L92: 133.8 | M92: 94.1 | N92: 123.4 | O92: 121 | P92: 131.7 | Q92: 127.5 | R92: 129.4 | S92: 128.8 | T92: 125.5 | U92: 128.3 | V92: NA | W92: 123 | X92: 123 | Y92: 120.8 | Z92: 114.1 | AA92: 118 | AB92: 122.9 | AC92: 112.7 | AD92: 118.1 | AE92: 124.7
A93: Urban | B93: 2015 | C93: July | D93: =B93&C93&A93 -> 2015JulyUrban | E93: 123.2 | F93: 134.3 | G93: 119.5 | H93: 127.7 | I93: 106.3 | J93: 132.8 | K93: 153.5 | L93: 149.5 | M93: 85.7 | N93: 131.5 | O93: 118.3 | P93: 131.1 | Q93: 129.5 | R93: 133.1 | S93: 123.5 | T93: 117.9 | U93: 122.7 | V93: 119.9 | W93: 115.3 | X93: 119.5 | Y93: 116 | Z93: 111.5 | AA93: 116.6 | AB93: 125.4 | AC93: 111.7 | AD93: 116.3 | AE93: 122.4
A94: Rural+Urban | B94: 2015 | C94: July | D94: =B94&C94&A94 -> 2015JulyRural+Urban | E94: 123.7 | F94: 132.5 | G94: 121 | H94: 128.3 | I94: 110.9 | J94: 133.1 | K94: 145.1 | L94: 139.1 | M94: 91.3 | N94: 126.1 | O94: 119.9 | P94: 131.4 | Q94: 128.2 | R94: 130.4 | S94: 126.7 | T94: 122.3 | U94: 126.1 | V94: 119.9 | W94: 120.1 | X94: 121.3 | Y94: 119 | Z94: 112.7 | AA94: 117.2 | AB94: 124.4 | AC94: 112.3 | AD94: 117.2 | AE94: 123.6
A95: Rural | B95: 2015 | C95: August | D95: =B95&C95&A95 -> 2015AugustRural | E95: 124.7 | F95: 131.3 | G95: 121.3 | H95: 128.8 | I95: 114 | J95: 134.2 | K95: 153.6 | L95: 137.9 | M95: 93.1 | N95: 123.9 | O95: 121.5 | P95: 132.5 | Q95: 129.8 | R95: 130.1 | S95: 129.5 | T95: 126.3 | U95: 129 | V95: NA | W95: 123.8 | X95: 123.7 | Y95: 121.1 | Z95: 113.6 | AA95: 118.5 | AB95: 123.6 | AC95: 112.5 | AD95: 118.2 | AE95: 126.1
A96: Urban | B96: 2015 | C96: August | D96: =B96&C96&A96 -> 2015AugustUrban | E96: 123.1 | F96: 131.7 | G96: 118.1 | H96: 128 | I96: 106.8 | J96: 130.1 | K96: 165.5 | L96: 156 | M96: 85.3 | N96: 132.7 | O96: 118.8 | P96: 131.7 | Q96: 131.1 | R96: 134.2 | S96: 123.7 | T96: 118.2 | U96: 122.9 | V96: 120.9 | W96: 115.3 | X96: 120 | Y96: 116.6 | Z96: 109.9 | AA96: 117.2 | AB96: 126.2 | AC96: 112 | AD96: 116.2 | AE96: 123.2
A97: Rural+Urban | B97: 2015 | C97: August | D97: =B97&C97&A97 -> 2015AugustRural+Urban | E97: 124.2 | F97: 131.4 | G97: 120.1 | H97: 128.5 | I97: 111.4 | J97: 132.3 | K97: 157.6 | L97: 144 | M97: 90.5 | N97: 126.8 | O97: 120.4 | P97: 132.1 | Q97: 130.3 | R97: 131.2 | S97: 127.2 | T97: 122.9 | U97: 126.6 | V97: 120.9 | W97: 120.6 | X97: 122 | Y97: 119.4 | Z97: 111.7 | AA97: 117.8 | AB97: 125.1 | AC97: 112.3 | AD97: 117.2 | AE97: 124.8
A98: Rural | B98: 2015 | C98: September | D98: =B98&C98&A98 -> 2015SeptemberRural | E98: 125.1 | F98: 131.1 | G98: 120.7 | H98: 129.2 | I98: 114.7 | J98: 132.3 | K98: 158.9 | L98: 142.1 | M98: 92.5 | N98: 125.4 | O98: 121.9 | P98: 132.7 | Q98: 131 | R98: 131 | S98: 130.4 | T98: 126.8 | U98: 129.9 | V98: NA | W98: 123.7 | X98: 124.5 | Y98: 121.4 | Z98: 113.8 | AA98: 119.6 | AB98: 124.5 | AC98: 113.7 | AD98: 118.8 | AE98: 127
A99: Urban | B99: 2015 | C99: September | D99: =B99&C99&A99 -> 2015SeptemberUrban | E99: 123.4 | F99: 129 | G99: 115.6 | H99: 128.3 | I99: 107 | J99: 124 | K99: 168.5 | L99: 165.4 | M99: 86.3 | N99: 134.4 | O99: 119.1 | P99: 132.3 | Q99: 131.5 | R99: 134.7 | S99: 124 | T99: 118.6 | U99: 123.2 | V99: 121.6 | W99: 115.1 | X99: 120.4 | Y99: 117.1 | Z99: 109.1 | AA99: 117.3 | AB99: 126.5 | AC99: 112.9 | AD99: 116.2 | AE99: 123.5
A100: Rural+Urban | B100: 2015 | C100: September | D100: =B100&C100&A100 -> 2015SeptemberRural+Urban | E100: 124.6 | F100: 130.4 | G100: 118.7 | H100: 128.9 | I100: 111.9 | J100: 128.4 | K100: 162.2 | L100: 150 | M100: 90.4 | N100: 128.4 | O100: 120.7 | P100: 132.5 | Q100: 131.2 | R100: 132 | S100: 127.9 | T100: 123.4 | U100: 127.2 | V100: 121.6 | W100: 120.4 | X100: 122.6 | Y100: 119.8 | Z100: 111.3 | AA100: 118.3 | AB100: 125.7 | AC100: 113.4 | AD100: 117.5 | AE100: 125.4
...

Sheet Question 1
I1: Coloum | J1: Rural | K1: Urban | L1: Rural+Urban | M1: New Category | O1: New Category Group | P1: Rural | Q1: Urban | R1: Both | S1: Rural (%) | T1: Urban (%) | U1: Both (%)
I2: Cereals and products | J2: 173.2 | K2: 174.7 | L2: 173.7 | M2: Food | O2: Food | P2: =SUMIFS(J:J,$M:$M,$O2) -> 2290.7 | Q2: =SUMIFS(K:K,$M:$M,$O2) -> 2335.1 | R2: =SUMIFS(L:L,$M:$M,$O2) -> 2306.9 | S2: =P2/$P$9 -> 0.50918023 | T2: =Q2/$Q$9 -> 0.50315672 | U2: =R2/$R$9 -> 0.49563854
I3: Meat and fish | J3: 211.5 | K3: 219.4 | L3: 214.3 | M3: Food | O3: Luxury | P3: =SUMIFS(J:J,$M:$M,$O3) -> 558.6 | Q3: =SUMIFS(K:K,$M:$M,$O3) -> 559 | R3: =SUMIFS(L:L,$M:$M,$O3) -> 557.4 | S3: =P3/$P$9 -> 0.12416644 | T3: =Q3/$Q$9 -> 0.12045077 | U3: =R3/$R$9 -> 0.11975765
I4: Egg | J4: 171 | K4: 176.7 | L4: 173.2 | M4: Food | O4: Clothing | P4: =SUMIFS(J:J,$M:$M,$O4) -> 569.9 | Q4: =SUMIFS(K:K,$M:$M,$O4) -> 528.7 | R4: =SUMIFS(L:L,$M:$M,$O4) -> 553.2 | S4: =P4/$P$9 -> 0.12667823 | T4: =Q4/$Q$9 -> 0.11392187 | U4: =R4/$R$9 -> 0.11885528
I5: Milk and products | J5: 179.6 | K5: 179.4 | L5: 179.5 | M5: Food | O5: Housing | P5: =SUMIFS(J:J,$M:$M,$O5) -> 179.8 | Q5: =SUMIFS(K:K,$M:$M,$O5) -> 345.7 | R5: =SUMIFS(L:L,$M:$M,$O5) -> 350.8 | S5: =P5/$P$9 -> 0.039966213 | T5: =Q5/$Q$9 -> 0.074489862 | U5: =R5/$R$9 -> 0.075369543
I6: Oils and fats | J6: 173.3 | K6: 164.4 | L6: 170 | M6: Food | O6: Fuel and Light | P6: =SUMIFS(J:J,$M:$M,$O6) -> 182.5 | Q6: =SUMIFS(K:K,$M:$M,$O6) -> 183.4 | R6: =SUMIFS(L:L,$M:$M,$O6) -> 182.8 | S6: =P6/$P$9 -> 0.040566373 | T6: =Q6/$Q$9 -> 0.039518197 | U6: =R6/$R$9 -> 0.039274665
I7: Fruits | J7: 169 | K7: 175.8 | L7: 172.2 | M7: Food | O7: Service | P7: =SUMIFS(J:J,$M:$M,$O7) -> 537.8 | Q7: =SUMIFS(K:K,$M:$M,$O7) -> 517.4 | R7: =SUMIFS(L:L,$M:$M,$O7) -> 527.6 | S7: =P7/$P$9 -> 0.11954299 | T7: =Q7/$Q$9 -> 0.111487 | U7: =R7/$R$9 -> 0.1133551
I8: Vegetables | J8: 148.7 | K8: 185 | L8: 161 | M8: Food | O8: Miscellaneous | P8: =SUMIFS(J:J,$M:$M,$O8) -> 179.5 | Q8: =SUMIFS(K:K,$M:$M,$O8) -> 171.6 | R8: =SUMIFS(L:L,$M:$M,$O8) -> 175.7 | S8: =P8/$P$9 -> 0.039899529 | T8: =Q8/$Q$9 -> 0.036975587 | U8: =R8/$R$9 -> 0.037749227
I9: Pulses and products | J9: 174.9 | K9: 176.9 | L9: 175.6 | M9: Food | O9: Total | P9: =SUM(P2:P8) -> 4498.8 | Q9: =SUM(Q2:Q8) -> 4640.9 | R9: =SUM(R2:R8) -> 4654.4 | S9: =SUM(S2:S8) -> 1 | T9: =SUM(T2:T8) -> 1 | U9: =SUM(U2:U8) -> 1
I10: Sugar and Confectionery | J10: 121.9 | K10: 124.2 | L10: 122.7 | M10: Food
I11: Spices | J11: 221 | K11: 211.9 | L11: 218 | M11: Food
I12: Non-alcoholic beverages | J12: 178.7 | K12: 165.9 | L12: 173.4 | M12: Food
I13: Prepared meals, snacks, sweets etc. | J13: 191.1 | K13: 197.7 | L13: 194.2 | M13: Food
I14: Food and beverages | J14: 176.8 | K14: 183.1 | L14: 179.1 | M14: Food
I15: Pan, tobacco and intoxicants | J15: 199.9 | K15: 204.2 | L15: 201 | M15: Luxury
I16: Clothing | J16: 191.2 | K16: 181.3 | L16: 187.3 | M16: Clothing
I17: Footwear | J17: 187.9 | K17: 168.1 | L17: 179.7 | M17: Clothing
I18: Clothing and footwear | J18: 190.8 | K18: 179.3 | L18: 186.2 | M18: Clothing
I19: Housing | J19: - | K19: 175.6 | L19: 175.6 | M19: Housing
I20: Fuel and light | J20: 182.5 | K20: 183.4 | L20: 182.8 | M20: Fuel and light
I21: Household goods and services | J21: 179.8 | K21: 170.1 | L21: 175.2 | M21: Housing
I22: Health | J22: 187.8 | K22: 182.2 | L22: 185.7 | M22: Service
I23: Transport and communication | J23: 169.7 | K23: 160.4 | L23: 164.8 | M23: Service
I24: Recreation and amusement | J24: 173.8 | K24: 169.2 | L24: 171.2 | M24: Luxury
I25: Education | J25: 180.3 | K25: 174.8 | L25: 177.1 | M25: Service
I26: Personal care and effects | J26: 184.9 | K26: 185.6 | L26: 185.2 | M26: Luxury
I27: Miscellaneous | J27: 179.5 | K27: 171.6 | L27: 175.7 | M27: Miscellaneous
I28: General index | J28: 179.8 | K28: 178.2 | L28: 179.1
B32: On the bases of border categories we can say that the Food Categories has the highly contribution towards CPI Calcution

Sheet Question 2
AG2: Year | AH2: December | AI2: January | AJ2: Inflation | AN2: November | AO2: December | AP2: Inflation Difference | AQ2: Inflation Difference (%)
AG3: 2017 | AH3: =VLOOKUP(AG3&$AH$2&"Rural+Urban",'Main Data'!$D$1:$AE$373,28,0) -> 137.2 | AI3: =VLOOKUP(AG3&$AI$2&"Rural+Urban",'Main Data'!$D$1:$AE$373,28,0) -> 130.3 | AJ3: =(AH3-AI3)/AI3*100 -> 5.295472 | AM3: Cereals and products | AN3: =INDEX('Main Data'!$A$1:$AE$373,MATCH(2019&'Question 2'!AN$2&"Rural+Urban",'Main Data'!$D$1:$D$373,0),MATCH('Question 2'!AM3,'Main Data'!$A$1:$AE$1,0)) -> 142.5 | AO3: =INDEX('Main Data'!$A$1:$AE$373,MATCH(2019&'Question 2'!AO$2&"Rural+Urban",'Main Data'!$D$1:$D$373,0),MATCH('Question 2'!AM3,'Main Data'!$A$1:$AE$1,0)) -> 143.5 | AP3: =AO3-AN3 -> 1 | AQ3: =AP3/AN3*100 -> 0.70175439
AG4: 2018 | AH4: =VLOOKUP(AG4&$AH$2&"Rural+Urban",'Main Data'!$D$1:$AE$373,28,0) -> 140.1 | AI4: =VLOOKUP(AG4&$AI$2&"Rural+Urban",'Main Data'!$D$1:$AE$373,28,0) -> 136.9 | AJ4: =(AH4-AI4)/AI4*100 -> 2.3374726 | AM4: Meat and fish | AN4: =INDEX('Main Data'!$A$1:$AE$373,MATCH(2019&'Question 2'!AN$2&"Rural+Urban",'Main Data'!$D$1:$D$373,0),MATCH('Question 2'!AM4,'Main Data'!$A$1:$AE$1,0)) -> 163.2 | AO4: =INDEX('Main Data'!$A$1:$AE$373,MATCH(2019&'Question 2'!AO$2&"Rural+Urban",'Main Data'!$D$1:$D$373,0),MATCH('Question 2'!AM4,'Main Data'!$A$1:$AE$1,0)) -> 165 | AP4: =AO4-AN4 -> 1.8 | AQ4: =AP4/AN4*100 -> 1.1029412
AG5: 2019 | AH5: =VLOOKUP(AG5&$AH$2&"Rural+Urban",'Main Data'!$D$1:$AE$373,28,0) -> 150.4 | AI5: =VLOOKUP(AG5&$AI$2&"Rural+Urban",'Main Data'!$D$1:$AE$373,28,0) -> 139.6 | AJ5: =(AH5-AI5)/AI5*100 -> 7.7363897 | AM5: Egg | AN5: =INDEX('Main Data'!$A$1:$AE$373,MATCH(2019&'Question 2'!AN$2&"Rural+Urban",'Main Data'!$D$1:$D$373,0),MATCH('Question 2'!AM5,'Main Data'!$A$1:$AE$1,0)) -> 145.6 | AO5: =INDEX('Main Data'!$A$1:$AE$373,MATCH(2019&'Question 2'!AO$2&"Rural+Urban",'Main Data'!$D$1:$D$373,0),MATCH('Question 2'!AM5,'Main Data'!$A$1:$AE$1,0)) -> 151.1 | AP5: =AO5-AN5 -> 5.5 | AQ5: =AP5/AN5*100 -> 3.7774725
AG6: 2020 | AH6: =VLOOKUP(AG6&$AH$2&"Rural+Urban",'Main Data'!$D$1:$AE$373,28,0) -> 158.9 | AI6: =VLOOKUP(AG6&$AI$2&"Rural+Urban",'Main Data'!$D$1:$AE$373,28,0) -> 150.2 | AJ6: =(AH6-AI6)/AI6*100 -> 5.792277 | AM6: Milk and products | AN6: =INDEX('Main Data'!$A$1:$AE$373,MATCH(2019&'Question 2'!AN$2&"Rural+Urban",'Main Data'!$D$1:$D$373,0),MATCH('Question 2'!AM6,'Main Data'!$A$1:$AE$1,0)) -> 146.7 | AO6: =INDEX('Main Data'!$A$1:$AE$373,MATCH(2019&'Question 2'!AO$2&"Rural+Urban",'Main Data'!$D$1:$D$373,0),MATCH('Question 2'!AM6,'Main Data'!$A$1:$AE$1,0)) -> 148.3 | AP6: =AO6-AN6 -> 1.6 | AQ6: =AP6/AN6*100 -> 1.0906612
AG7: 2021 | AH7: =VLOOKUP(AG7&$AH$2&"Rural+Urban",'Main Data'!$D$1:$AE$373,28,0) -> 166.2 | AI7: =VLOOKUP(AG7&$AI$2&"Rural+Urban",'Main Data'!$D$1:$AE$373,28,0) -> 157.3 | AJ7: =(AH7-AI7)/AI7*100 -> 5.6579784 | AM7: Oils and fats | AN7: =INDEX('Main Data'!$A$1:$AE$373,MATCH(2019&'Question 2'!AN$2&"Rural+Urban",'Main Data'!$D$1:$D$373,0),MATCH('Question 2'!AM7,'Main Data'!$A$1:$AE$1,0)) -> 124.3 | AO7: =INDEX('Main Data'!$A$1:$AE$373,MATCH(2019&'Question 2'!AO$2&"Rural+Urban",'Main Data'!$D$1:$D$373,0),MATCH('Question 2'!AM7,'Main Data'!$A$1:$AE$1,0)) -> 125.7 | AP7: =AO7-AN7 -> 1.4 | AQ7: =AP7/AN7*100 -> 1.1263073
AG8: 2022 | AH8: =VLOOKUP(AG8&$AH$2&"Rural+Urban",'Main Data'!$D$1:$AE$373,28,0) -> 175.7 | AI8: =VLOOKUP(AG8&$AI$2&"Rural+Urban",'Main Data'!$D$1:$AE$373,28,0) -> 165.7 | AJ8: =(AH8-AI8)/AI8*100 -> 6.035003 | AM8: Fruits | AN8: =INDEX('Main Data'!$A$1:$AE$373,MATCH(2019&'Question 2'!AN$2&"Rural+Urban",'Main Data'!$D$1:$D$373,0),MATCH('Question 2'!AM8,'Main Data'!$A$1:$AE$1,0)) -> 147.4 | AO8: =INDEX('Main Data'!$A$1:$AE$373,MATCH(2019&'Question 2'!AO$2&"Rural+Urban",'Main Data'!$D$1:$D$373,0),MATCH('Question 2'!AM8,'Main Data'!$A$1:$AE$1,0)) -> 145.7 | AP8: =AO8-AN8 -> -1.7 | AQ8: =AP8/AN8*100 -> -1.1533243
AG9: 2023 | AH9: =VLOOKUP(AG9&$AH$2&"Rural+Urban",'Main Data'!$D$1:$AE$373,28,0) -> #N/A | AI9: =VLOOKUP(AG9&$AI$2&"Rural+Urban",'Main Data'!$D$1:$AE$373,28,0) -> 176.5 | AJ9: - | AM9: Vegetables | AN9: =INDEX('Main Data'!$A$1:$AE$373,MATCH(2019&'Question 2'!AN$2&"Rural+Urban",'Main Data'!$D$1:$D$373,0),MATCH('Question 2'!AM9,'Main Data'!$A$1:$AE$1,0)) -> 199.6 | AO9: =INDEX('Main Data'!$A$1:$AE$373,MATCH(2019&'Question 2'!AO$2&"Rural+Urban",'Main Data'!$D$1:$D$373,0),MATCH('Question 2'!AM9,'Main Data'!$A$1:$AE$1,0)) -> 217 | AP9: =AO9-AN9 -> 17.4 | AQ9: =AP9/AN9*100 -> 8.7174349
AJ10: =SUM(AJ3:AJ8) -> 32.854593 | AM10: Pulses and products | AN10: =INDEX('Main Data'!$A$1:$AE$373,MATCH(2019&'Question 2'!AN$2&"Rural+Urban",'Main Data'!$D$1:$D$373,0),MATCH('Question 2'!AM10,'Main Data'!$A$1:$AE$1,0)) -> 135.7 | AO10: =INDEX('Main Data'!$A$1:$AE$373,MATCH(2019&'Question 2'!AO$2&"Rural+Urban",'Main Data'!$D$1:$D$373,0),MATCH('Question 2'!AM10,'Main Data'!$A$1:$AE$1,0)) -> 138.3 | AP10: =AO10-AN10 -> 2.6 | AQ10: =AP10/AN10*100 -> 1.9159912
AM11: Sugar and Confectionery | AN11: =INDEX('Main Data'!$A$1:$AE$373,MATCH(2019&'Question 2'!AN$2&"Rural+Urban",'Main Data'!$D$1:$D$373,0),MATCH('Question 2'!AM11,'Main Data'!$A$1:$AE$1,0)) -> 114.2 | AO11: =INDEX('Main Data'!$A$1:$AE$373,MATCH(2019&'Question 2'!AO$2&"Rural+Urban",'Main Data'!$D$1:$D$373,0),MATCH('Question 2'!AM11,'Main Data'!$A$1:$AE$1,0)) -> 114 | AP11: =AO11-AN11 -> -0.2 | AQ11: =AP11/AN11*100 -> -0.17513135
AM12: Spices | AN12: =INDEX('Main Data'!$A$1:$AE$373,MATCH(2019&'Question 2'!AN$2&"Rural+Urban",'Main Data'!$D$1:$D$373,0),MATCH('Question 2'!AM12,'Main Data'!$A$1:$AE$1,0)) -> 147 | AO12: =INDEX('Main Data'!$A$1:$AE$373,MATCH(2019&'Question 2'!AO$2&"Rural+Urban",'Main Data'!$D$1:$D$373,0),MATCH('Question 2'!AM12,'Main Data'!$A$1:$AE$1,0)) -> 148.7 | AP12: =AO12-AN12 -> 1.7 | AQ12: =AP12/AN12*100 -> 1.1564626
AG13: On year 2019 Inflation reason on the base of bucket we created in previous Question | AM13: Non-alcoholic beverages | AN13: =INDEX('Main Data'!$A$1:$AE$373,MATCH(2019&'Question 2'!AN$2&"Rural+Urban",'Main Data'!$D$1:$D$373,0),MATCH('Question 2'!AM13,'Main Data'!$A$1:$AE$1,0)) -> 135.3 | AO13: =INDEX('Main Data'!$A$1:$AE$373,MATCH(2019&'Question 2'!AO$2&"Rural+Urban",'Main Data'!$D$1:$D$373,0),MATCH('Question 2'!AM13,'Main Data'!$A$1:$AE$1,0)) -> 135.8 | AP13: =AO13-AN13 -> 0.5 | AQ13: =AP13/AN13*100 -> 0.36954915
AG14: New Category Group | AH14: Inflation | AI14: Inflation Rate | AM14: Prepared meals, snacks, sweets etc. | AN14: =INDEX('Main Data'!$A$1:$AE$373,MATCH(2019&'Question 2'!AN$2&"Rural+Urban",'Main Data'!$D$1:$D$373,0),MATCH('Question 2'!AM14,'Main Data'!$A$1:$AE$1,0)) -> 157.5 | AO14: =INDEX('Main Data'!$A$1:$AE$373,MATCH(2019&'Question 2'!AO$2&"Rural+Urban",'Main Data'!$D$1:$D$373,0),MATCH('Question 2'!AM14,'Main Data'!$A$1:$AE$1,0)) -> 158 | AP14: =AO14-AN14 -> 0.5 | AQ14: =AP14/AN14*100 -> 0.31746032
AG15: January | AH15: =VLOOKUP("2019"&AG15&"Rural+Urban",'Main Data'!$D$1:$AE$373,28,0) -> 139.6 | AM15: Food and beverages | AN15: =INDEX('Main Data'!$A$1:$AE$373,MATCH(2019&'Question 2'!AN$2&"Rural+Urban",'Main Data'!$D$1:$D$373,0),MATCH('Question 2'!AM15,'Main Data'!$A$1:$AE$1,0)) -> 151.9 | AO15: =INDEX('Main Data'!$A$1:$AE$373,MATCH(2019&'Question 2'!AO$2&"Rural+Urban",'Main Data'!$D$1:$D$373,0),MATCH('Question 2'!AM15,'Main Data'!$A$1:$AE$1,0)) -> 155 | AP15: =AO15-AN15 -> 3.1 | AQ15: =AP15/AN15*100 -> 2.0408163
AG16: February | AH16: =VLOOKUP("2019"&AG16&"Rural+Urban",'Main Data'!$D$1:$AE$373,28,0) -> 139.9 | AI16: =(AH16-AH15)/AH15*100 -> 0.21489971 | AM16: Pan, tobacco and intoxicants | AN16: =INDEX('Main Data'!$A$1:$AE$373,MATCH(2019&'Question 2'!AN$2&"Rural+Urban",'Main Data'!$D$1:$D$373,0),MATCH('Question 2'!AM16,'Main Data'!$A$1:$AE$1,0)) -> 167.9 | AO16: =INDEX('Main Data'!$A$1:$AE$373,MATCH(2019&'Question 2'!AO$2&"Rural+Urban",'Main Data'!$D$1:$D$373,0),MATCH('Question 2'!AM16,'Main Data'!$A$1:$AE$1,0)) -> 168.5 | AP16: =AO16-AN16 -> 0.6 | AQ16: =AP16/AN16*100 -> 0.35735557
AG17: March | AH17: =VLOOKUP("2019"&AG17&"Rural+Urban",'Main Data'!$D$1:$AE$373,28,0) -> 140.4 | AI17: =(AH17-AH16)/AH16*100 -> 0.35739814 | AM17: Clothing | AN17: =INDEX('Main Data'!$A$1:$AE$373,MATCH(2019&'Question 2'!AN$2&"Rural+Urban",'Main Data'!$D$1:$D$373,0),MATCH('Question 2'!AM17,'Main Data'!$A$1:$AE$1,0)) -> 149.9 | AO17: =INDEX('Main Data'!$A$1:$AE$373,MATCH(2019&'Question 2'!AO$2&"Rural+Urban",'Main Data'!$D$1:$D$373,0),MATCH('Question 2'!AM17,'Main Data'!$A$1:$AE$1,0)) -> 150.3 | AP17: =AO17-AN17 -> 0.4 | AQ17: =AP17/AN17*100 -> 0.26684456
AG18: May | AH18: =VLOOKUP("2019"&AG18&"Rural+Urban",'Main Data'!$D$1:$AE$373,28,0) -> 142 | AI18: =(AH18-AH17)/AH17*100 -> 1.1396011 | AM18: Footwear | AN18: =INDEX('Main Data'!$A$1:$AE$373,MATCH(2019&'Question 2'!AN$2&"Rural+Urban",'Main Data'!$D$1:$D$373,0),MATCH('Question 2'!AM18,'Main Data'!$A$1:$AE$1,0)) -> 141 | AO18: =INDEX('Main Data'!$A$1:$AE$373,MATCH(2019&'Question 2'!AO$2&"Rural+Urban",'Main Data'!$D$1:$D$373,0),MATCH('Question 2'!AM18,'Main Data'!$A$1:$AE$1,0)) -> 141.3 | AP18: =AO18-AN18 -> 0.3 | AQ18: =AP18/AN18*100 -> 0.21276596
AG19: June | AH19: =VLOOKUP("2019"&AG19&"Rural+Urban",'Main Data'!$D$1:$AE$373,28,0) -> 142.9 | AI19: =(AH19-AH18)/AH18*100 -> 0.63380282 | AM19: Clothing and footwear | AN19: =INDEX('Main Data'!$A$1:$AE$373,MATCH(2019&'Question 2'!AN$2&"Rural+Urban",'Main Data'!$D$1:$D$373,0),MATCH('Question 2'!AM19,'Main Data'!$A$1:$AE$1,0)) -> 148.6 | AO19: =INDEX('Main Data'!$A$1:$AE$373,MATCH(2019&'Question 2'!AO$2&"Rural+Urban",'Main Data'!$D$1:$D$373,0),MATCH('Question 2'!AM19,'Main Data'!$A$1:$AE$1,0)) -> 149 | AP19: =AO19-AN19 -> 0.4 | AQ19: =AP19/AN19*100 -> 0.269179
AG20: July | AH20: =VLOOKUP("2019"&AG20&"Rural+Urban",'Main Data'!$D$1:$AE$373,28,0) -> 144.2 | AI20: =(AH20-AH19)/AH19*100 -> 0.90972708 | AM20: Housing | AN20: =INDEX('Main Data'!$A$1:$AE$373,MATCH(2019&'Question 2'!AN$2&"Rural+Urban",'Main Data'!$D$1:$D$373,0),MATCH('Question 2'!AM20,'Main Data'!$A$1:$AE$1,0)) -> 153.5 | AO20: =INDEX('Main Data'!$A$1:$AE$373,MATCH(2019&'Question 2'!AO$2&"Rural+Urban",'Main Data'!$D$1:$D$373,0),MATCH('Question 2'!AM20,'Main Data'!$A$1:$AE$1,0)) -> 152.8 | AP20: =AO20-AN20 -> -0.7 | AQ20: =AP20/AN20*100 -> -0.45602606
AG21: August | AH21: =VLOOKUP("2019"&AG21&"Rural+Urban",'Main Data'!$D$1:$AE$373,28,0) -> 145 | AI21: =(AH21-AH20)/AH20*100 -> 0.55478502 | AM21: Fuel and light | AN21: =INDEX('Main Data'!$A$1:$AE$373,MATCH(2019&'Question 2'!AN$2&"Rural+Urban",'Main Data'!$D$1:$D$373,0),MATCH('Question 2'!AM21,'Main Data'!$A$1:$AE$1,0)) -> 142.3 | AO21: =INDEX('Main Data'!$A$1:$AE$373,MATCH(2019&'Question 2'!AO$2&"Rural+Urban",'Main Data'!$D$1:$D$373,0),MATCH('Question 2'!AM21,'Main Data'!$A$1:$AE$1,0)) -> 143.7 | AP21: =AO21-AN21 -> 1.4 | AQ21: =AP21/AN21*100 -> 0.98383696
AG22: September | AH22: =VLOOKUP("2019"&AG22&"Rural+Urban",'Main Data'!$D$1:$AE$373,28,0) -> 145.8 | AI22: =(AH22-AH21)/AH21*100 -> 0.55172414 | AM22: Household goods and services | AN22: =INDEX('Main Data'!$A$1:$AE$373,MATCH(2019&'Question 2'!AN$2&"Rural+Urban",'Main Data'!$D$1:$D$373,0),MATCH('Question 2'!AM22,'Main Data'!$A$1:$AE$1,0)) -> 145.3 | AO22: =INDEX('Main Data'!$A$1:$AE$373,MATCH(2019&'Question 2'!AO$2&"Rural+Urban",'Main Data'!$D$1:$D$373,0),MATCH('Question 2'!AM22,'Main Data'!$A$1:$AE$1,0)) -> 145.8 | AP22: =AO22-AN22 -> 0.5 | AQ22: =AP22/AN22*100 -> 0.34411562
AG23: October | AH23: =VLOOKUP("2019"&AG23&"Rural+Urban",'Main Data'!$D$1:$AE$373,28,0) -> 147.2 | AI23: =(AH23-AH22)/AH22*100 -> 0.96021948 | AM23: Health | AN23: =INDEX('Main Data'!$A$1:$AE$373,MATCH(2019&'Question 2'!AN$2&"Rural+Urban",'Main Data'!$D$1:$D$373,0),MATCH('Question 2'!AM23,'Main Data'!$A$1:$AE$1,0)) -> 149.9 | AO23: =INDEX('Main Data'!$A$1:$AE$373,MATCH(2019&'Question 2'!AO$2&"Rural+Urban",'Main Data'!$D$1:$D$373,0),MATCH('Question 2'!AM23,'Main Data'!$A$1:$AE$1,0)) -> 150.4 | AP23: =AO23-AN23 -> 0.5 | AQ23: =AP23/AN23*100 -> 0.3335557
AG24: November | AH24: =VLOOKUP("2019"&AG24&"Rural+Urban",'Main Data'!$D$1:$AE$373,28,0) -> 148.6 | AI24: =(AH24-AH23)/AH23*100 -> 0.95108696 | AM24: Transport and communication | AN24: =INDEX('Main Data'!$A$1:$AE$373,MATCH(2019&'Question 2'!AN$2&"Rural+Urban",'Main Data'!$D$1:$D$373,0),MATCH('Question 2'!AM24,'Main Data'!$A$1:$AE$1,0)) -> 126.6 | AO24: =INDEX('Main Data'!$A$1:$AE$373,MATCH(2019&'Question 2'!AO$2&"Rural+Urban",'Main Data'!$D$1:$D$373,0),MATCH('Question 2'!AM24,'Main Data'!$A$1:$AE$1,0)) -> 129.8 | AP24: =AO24-AN24 -> 3.2 | AQ24: =AP24/AN24*100 -> 2.5276461
AG25: December | AH25: =VLOOKUP("2019"&AG25&"Rural+Urban",'Main Data'!$D$1:$AE$373,28,0) -> 150.4 | AI25: =(AH25-AH24)/AH24*100 -> 1.2113055 | AM25: Recreation and amusement | AN25: =INDEX('Main Data'!$A$1:$AE$373,MATCH(2019&'Question 2'!AN$2&"Rural+Urban",'Main Data'!$D$1:$D$373,0),MATCH('Question 2'!AM25,'Main Data'!$A$1:$AE$1,0)) -> 142.1 | AO25: =INDEX('Main Data'!$A$1:$AE$373,MATCH(2019&'Question 2'!AO$2&"Rural+Urban",'Main Data'!$D$1:$D$373,0),MATCH('Question 2'!AM25,'Main Data'!$A$1:$AE$1,0)) -> 142.3 | AP25: =AO25-AN25 -> 0.2 | AQ25: =AP25/AN25*100 -> 0.14074595
AI26: =SUM(AI16:AI25) -> 7.48455 | AM26: Education | AN26: =INDEX('Main Data'!$A$1:$AE$373,MATCH(2019&'Question 2'!AN$2&"Rural+Urban",'Main Data'!$D$1:$D$373,0),MATCH('Question 2'!AM26,'Main Data'!$A$1:$AE$1,0)) -> 155.5 | AO26: =INDEX('Main Data'!$A$1:$AE$373,MATCH(2019&'Question 2'!AO$2&"Rural+Urban",'Main Data'!$D$1:$D$373,0),MATCH('Question 2'!AM26,'Main Data'!$A$1:$AE$1,0)) -> 155.7 | AP26: =AO26-AN26 -> 0.2 | AQ26: =AP26/AN26*100 -> 0.12861736
AM27: Personal care and effects | AN27: =INDEX('Main Data'!$A$1:$AE$373,MATCH(2019&'Question 2'!AN$2&"Rural+Urban",'Main Data'!$D$1:$D$373,0),MATCH('Question 2'!AM27,'Main Data'!$A$1:$AE$1,0)) -> 140.3 | AO27: =INDEX('Main Data'!$A$1:$AE$373,MATCH(2019&'Question 2'!AO$2&"Rural+Urban",'Main Data'!$D$1:$D$373,0),MATCH('Question 2'!AM27,'Main Data'!$A$1:$AE$1,0)) -> 140.4 | AP27: =AO27-AN27 -> 0.1 | AQ27: =AP27/AN27*100 -> 0.071275837
AM28: Miscellaneous | AN28: =INDEX('Main Data'!$A$1:$AE$373,MATCH(2019&'Question 2'!AN$2&"Rural+Urban",'Main Data'!$D$1:$D$373,0),MATCH('Question 2'!AM28,'Main Data'!$A$1:$AE$1,0)) -> 141.3 | AO28: =INDEX('Main Data'!$A$1:$AE$373,MATCH(2019&'Question 2'!AO$2&"Rural+Urban",'Main Data'!$D$1:$D$373,0),MATCH('Question 2'!AM28,'Main Data'!$A$1:$AE$1,0)) -> 142.5 | AP28: =AO28-AN28 -> 1.2 | AQ28: =AP28/AN28*100 -> 0.8492569
A34: According to this graph in 2019 had higher inflation rate
I35: In 2019 on December had High Inflation Rate

Sheet Question 3
S2: Food Bucket Category | T2: Cereals and products | U2: Meat and fish | V2: Egg | W2: Milk and products | X2: Oils and fats | Y2: Fruits | Z2: Vegetables | AA2: Pulses and products | AB2: Sugar and Confectionery | AC2: Spices | AD2: Non-alcoholic beverages | AE2: Prepared meals, snacks, sweets etc. | AF2: Food | AH2: YOY Inflation | AI2: 44713 | AJ2: 45047 | AK2: Inflation
S3: 2022AprilRural+Urban | T3: =INDEX('Main Data'!$D$1:$AE$373,MATCH('Question 3'!$S3,'Main Data'!$D$1:$D$373,0),MATCH('Question 3'!T$2,'Main Data'!$D$1:$AE$1,0)) -> 152.9 | U3: =INDEX('Main Data'!$D$1:$AE$373,MATCH('Question 3'!$S3,'Main Data'!$D$1:$D$373,0),MATCH('Question 3'!U$2,'Main Data'!$D$1:$AE$1,0)) -> 211.8 | V3: =INDEX('Main Data'!$D$1:$AE$373,MATCH('Question 3'!$S3,'Main Data'!$D$1:$D$373,0),MATCH('Question 3'!V$2,'Main Data'!$D$1:$AE$1,0)) -> 164.5 | W3: =INDEX('Main Data'!$D$1:$AE$373,MATCH('Question 3'!$S3,'Main Data'!$D$1:$D$373,0),MATCH('Question 3'!W$2,'Main Data'!$D$1:$AE$1,0)) -> 163.9 | X3: =INDEX('Main Data'!$D$1:$AE$373,MATCH('Question 3'!$S3,'Main Data'!$D$1:$D$373,0),MATCH('Question 3'!X$2,'Main Data'!$D$1:$AE$1,0)) -> 199.5 | Y3: =INDEX('Main Data'!$D$1:$AE$373,MATCH('Question 3'!$S3,'Main Data'!$D$1:$D$373,0),MATCH('Question 3'!Y$2,'Main Data'!$D$1:$AE$1,0)) -> 172.6 | Z3: =INDEX('Main Data'!$D$1:$AE$373,MATCH('Question 3'!$S3,'Main Data'!$D$1:$D$373,0),MATCH('Question 3'!Z$2,'Main Data'!$D$1:$AE$1,0)) -> 166.2 | AA3: =INDEX('Main Data'!$D$1:$AE$373,MATCH('Question 3'!$S3,'Main Data'!$D$1:$D$373,0),MATCH('Question 3'!AA$2,'Main Data'!$D$1:$AE$1,0)) -> 164.7 | ... AE3: =INDEX('Main Data'!$D$1:$AE$373,MATCH('Question 3'!$S3,'Main Data'!$D$1:$D$373,0),MATCH('Question 3'!AE$2,'Main Data'!$D$1:$AE$1,0)) -> 180.9 | AF3: =SUM(T3:AE3) -> 2043.5 | AH3: Cereals and products | AI3: =INDEX($S$2:$AE$16,MATCH(2022&"June"&"Rural+Urban",$S$2:$S$16,0),MATCH(AH3,$S$2:$AE$2,0)) -> 155 | AJ3: =INDEX($S$2:$AE$16,MATCH(2023&"May"&"Rural+Urban",$S$2:$S$16,0),MATCH(AH3,$S$2:$AE$2,0)) -> 173.7 | AK3: =(AJ3-AI3)/AI3*100 -> 12.064516
L4: Time duration/ Time Frame | M4: June 2022 to may 2023 | S4: 2022MayRural+Urban | T4: =INDEX('Main Data'!$D$1:$AE$373,MATCH('Question 3'!$S4,'Main Data'!$D$1:$D$373,0),MATCH('Question 3'!T$2,'Main Data'!$D$1:$AE$1,0)) -> 154.1 | U4: =INDEX('Main Data'!$D$1:$AE$373,MATCH('Question 3'!$S4,'Main Data'!$D$1:$D$373,0),MATCH('Question 3'!U$2,'Main Data'!$D$1:$AE$1,0)) -> 217 | V4: =INDEX('Main Data'!$D$1:$AE$373,MATCH('Question 3'!$S4,'Main Data'!$D$1:$D$373,0),MATCH('Question 3'!V$2,'Main Data'!$D$1:$AE$1,0)) -> 162.4 | W4: =INDEX('Main Data'!$D$1:$AE$373,MATCH('Question 3'!$S4,'Main Data'!$D$1:$D$373,0),MATCH('Question 3'!W$2,'Main Data'!$D$1:$AE$1,0)) -> 164.9 | X4: =INDEX('Main Data'!$D$1:$AE$373,MATCH('Question 3'!$S4,'Main Data'!$D$1:$D$373,0),MATCH('Question 3'!X$2,'Main Data'!$D$1:$AE$1,0)) -> 202.4 | Y4: =INDEX('Main Data'!$D$1:$AE$373,MATCH('Question 3'!$S4,'Main Data'!$D$1:$D$373,0),MATCH('Question 3'!Y$2,'Main Data'!$D$1:$AE$1,0)) -> 171 | Z4: =INDEX('Main Data'!$D$1:$AE$373,MATCH('Question 3'!$S4,'Main Data'!$D$1:$D$373,0),MATCH('Question 3'!Z$2,'Main Data'!$D$1:$AE$1,0)) -> 174.9 | AA4: =INDEX('Main Data'!$D$1:$AE$373,MATCH('Question 3'!$S4,'Main Data'!$D$1:$D$373,0),MATCH('Question 3'!AA$2,'Main Data'!$D$1:$AE$1,0)) -> 164.7 | ... AE4: =INDEX('Main Data'!$D$1:$AE$373,MATCH('Question 3'!$S4,'Main Data'!$D$1:$D$373,0),MATCH('Question 3'!AE$2,'Main Data'!$D$1:$AE$1,0)) -> 182.5 | AF4: =SUM(T4:AE4) -> 2065.6 | AH4: Meat and fish | AI4: =INDEX($S$2:$AE$16,MATCH(2022&"June"&"Rural+Urban",$S$2:$S$16,0),MATCH(AH4,$S$2:$AE$2,0)) -> 219.4 | AJ4: =INDEX($S$2:$AE$16,MATCH(2023&"May"&"Rural+Urban",$S$2:$S$16,0),MATCH(AH4,$S$2:$AE$2,0)) -> 214.3 | AK4: =(AJ4-AI4)/AI4*100 -> -2.3245214
L5: In Food Bucket | S5: 2022JuneRural+Urban | T5: =INDEX('Main Data'!$D$1:$AE$373,MATCH('Question 3'!$S5,'Main Data'!$D$1:$D$373,0),MATCH('Question 3'!T$2,'Main Data'!$D$1:$AE$1,0)) -> 155 | U5: =INDEX('Main Data'!$D$1:$AE$373,MATCH('Question 3'!$S5,'Main Data'!$D$1:$D$373,0),MATCH('Question 3'!U$2,'Main Data'!$D$1:$AE$1,0)) -> 219.4 | V5: =INDEX('Main Data'!$D$1:$AE$373,MATCH('Question 3'!$S5,'Main Data'!$D$1:$D$373,0),MATCH('Question 3'!V$2,'Main Data'!$D$1:$AE$1,0)) -> 170.8 | W5: =INDEX('Main Data'!$D$1:$AE$373,MATCH('Question 3'!$S5,'Main Data'!$D$1:$D$373,0),MATCH('Question 3'!W$2,'Main Data'!$D$1:$AE$1,0)) -> 165.8 | X5: =INDEX('Main Data'!$D$1:$AE$373,MATCH('Question 3'!$S5,'Main Data'!$D$1:$D$373,0),MATCH('Question 3'!X$2,'Main Data'!$D$1:$AE$1,0)) -> 200.9 | Y5: =INDEX('Main Data'!$D$1:$AE$373,MATCH('Question 3'!$S5,'Main Data'!$D$1:$D$373,0),MATCH('Question 3'!Y$2,'Main Data'!$D$1:$AE$1,0)) -> 169.7 | Z5: =INDEX('Main Data'!$D$1:$AE$373,MATCH('Question 3'!$S5,'Main Data'!$D$1:$D$373,0),MATCH('Question 3'!Z$2,'Main Data'!$D$1:$AE$1,0)) -> 182.3 | AA5: =INDEX('Main Data'!$D$1:$AE$373,MATCH('Question 3'!$S5,'Main Data'!$D$1:$D$373,0),MATCH('Question 3'!AA$2,'Main Data'!$D$1:$AE$1,0)) -> 164.3 | ... AE5: =INDEX('Main Data'!$D$1:$AE$373,MATCH('Question 3'!$S5,'Main Data'!$D$1:$D$373,0),MATCH('Question 3'!AE$2,'Main Data'!$D$1:$AE$1,0)) -> 183.9 | AF5: =SUM(T5:AE5) -> 2087 | AH5: Egg | AI5: =INDEX($S$2:$AE$16,MATCH(2022&"June"&"Rural+Urban",$S$2:$S$16,0),MATCH(AH5,$S$2:$AE$2,0)) -> 170.8 | AJ5: =INDEX($S$2:$AE$16,MATCH(2023&"May"&"Rural+Urban",$S$2:$S$16,0),MATCH(AH5,$S$2:$AE$2,0)) -> 173.2 | AK5: =(AJ5-AI5)/AI5*100 -> 1.4051522
S6: 2022JulyRural+Urban | T6: =INDEX('Main Data'!$D$1:$AE$373,MATCH('Question 3'!$S6,'Main Data'!$D$1:$D$373,0),MATCH('Question 3'!T$2,'Main Data'!$D$1:$AE$1,0)) -> 156.5 | U6: =INDEX('Main Data'!$D$1:$AE$373,MATCH('Question 3'!$S6,'Main Data'!$D$1:$D$373,0),MATCH('Question 3'!U$2,'Main Data'!$D$1:$AE$1,0)) -> 213 | V6: =INDEX('Main Data'!$D$1:$AE$373,MATCH('Question 3'!$S6,'Main Data'!$D$1:$D$373,0),MATCH('Question 3'!V$2,'Main Data'!$D$1:$AE$1,0)) -> 175.2 | W6: =INDEX('Main Data'!$D$1:$AE$373,MATCH('Question 3'!$S6,'Main Data'!$D$1:$D$373,0),MATCH('Question 3'!W$2,'Main Data'!$D$1:$AE$1,0)) -> 166.6 | X6: =INDEX('Main Data'!$D$1:$AE$373,MATCH('Question 3'!$S6,'Main Data'!$D$1:$D$373,0),MATCH('Question 3'!X$2,'Main Data'!$D$1:$AE$1,0)) -> 195.8 | Y6: =INDEX('Main Data'!$D$1:$AE$373,MATCH('Question 3'!$S6,'Main Data'!$D$1:$D$373,0),MATCH('Question 3'!Y$2,'Main Data'!$D$1:$AE$1,0)) -> 174.2 | Z6: =INDEX('Main Data'!$D$1:$AE$373,MATCH('Question 3'!$S6,'Main Data'!$D$1:$D$373,0),MATCH('Question 3'!Z$2,'Main Data'!$D$1:$AE$1,0)) -> 182.1 | AA6: =INDEX('Main Data'!$D$1:$AE$373,MATCH('Question 3'!$S6,'Main Data'!$D$1:$D$373,0),MATCH('Question 3'!AA$2,'Main Data'!$D$1:$AE$1,0)) -> 164.3 | ... AE6: =INDEX('Main Data'!$D$1:$AE$373,MATCH('Question 3'!$S6,'Main Data'!$D$1:$D$373,0),MATCH('Question 3'!AE$2,'Main Data'!$D$1:$AE$1,0)) -> 185.2 | AF6: =SUM(T6:AE6) -> 2091.3 | AH6: Milk and products | AI6: =INDEX($S$2:$AE$16,MATCH(2022&"June"&"Rural+Urban",$S$2:$S$16,0),MATCH(AH6,$S$2:$AE$2,0)) -> 165.8 | AJ6: =INDEX($S$2:$AE$16,MATCH(2023&"May"&"Rural+Urban",$S$2:$S$16,0),MATCH(AH6,$S$2:$AE$2,0)) -> 179.5 | AK6: =(AJ6-AI6)/AI6*100 -> 8.2629674
S7: 2022AugustRural+Urban | T7: =INDEX('Main Data'!$D$1:$AE$373,MATCH('Question 3'!$S7,'Main Data'!$D$1:$D$373,0),MATCH('Question 3'!T$2,'Main Data'!$D$1:$AE$1,0)) -> 160.3 | U7: =INDEX('Main Data'!$D$1:$AE$373,MATCH('Question 3'!$S7,'Main Data'!$D$1:$D$373,0),MATCH('Question 3'!U$2,'Main Data'!$D$1:$AE$1,0)) -> 206.5 | V7: =INDEX('Main Data'!$D$1:$AE$373,MATCH('Question 3'!$S7,'Main Data'!$D$1:$D$373,0),MATCH('Question 3'!V$2,'Main Data'!$D$1:$AE$1,0)) -> 169.2 | W7: =INDEX('Main Data'!$D$1:$AE$373,MATCH('Question 3'!$S7,'Main Data'!$D$1:$D$373,0),MATCH('Question 3'!W$2,'Main Data'!$D$1:$AE$1,0)) -> 168.1 | X7: =INDEX('Main Data'!$D$1:$AE$373,MATCH('Question 3'!$S7,'Main Data'!$D$1:$D$373,0),MATCH('Question 3'!X$2,'Main Data'!$D$1:$AE$1,0)) -> 192.4 | Y7: =INDEX('Main Data'!$D$1:$AE$373,MATCH('Question 3'!$S7,'Main Data'!$D$1:$D$373,0),MATCH('Question 3'!Y$2,'Main Data'!$D$1:$AE$1,0)) -> 172.9 | Z7: =INDEX('Main Data'!$D$1:$AE$373,MATCH('Question 3'!$S7,'Main Data'!$D$1:$D$373,0),MATCH('Question 3'!Z$2,'Main Data'!$D$1:$AE$1,0)) -> 186.7 | AA7: =INDEX('Main Data'!$D$1:$AE$373,MATCH('Question 3'!$S7,'Main Data'!$D$1:$D$373,0),MATCH('Question 3'!AA$2,'Main Data'!$D$1:$AE$1,0)) -> 167.2 | ... AE7: =INDEX('Main Data'!$D$1:$AE$373,MATCH('Question 3'!$S7,'Main Data'!$D$1:$D$373,0),MATCH('Question 3'!AE$2,'Main Data'!$D$1:$AE$1,0)) -> 186.3 | AF7: =SUM(T7:AE7) -> 2092.9 | AH7: Oils and fats | AI7: =INDEX($S$2:$AE$16,MATCH(2022&"June"&"Rural+Urban",$S$2:$S$16,0),MATCH(AH7,$S$2:$AE$2,0)) -> 200.9 | AJ7: =INDEX($S$2:$AE$16,MATCH(2023&"May"&"Rural+Urban",$S$2:$S$16,0),MATCH(AH7,$S$2:$AE$2,0)) -> 170 | AK7: =(AJ7-AI7)/AI7*100 -> -15.380786
S8: 2022SeptemberRural+Urban | T8: =INDEX('Main Data'!$D$1:$AE$373,MATCH('Question 3'!$S8,'Main Data'!$D$1:$D$373,0),MATCH('Question 3'!T$2,'Main Data'!$D$1:$AE$1,0)) -> 163.5 | U8: =INDEX('Main Data'!$D$1:$AE$373,MATCH('Question 3'!$S8,'Main Data'!$D$1:$D$373,0),MATCH('Question 3'!U$2,'Main Data'!$D$1:$AE$1,0)) -> 209.2 | V8: =INDEX('Main Data'!$D$1:$AE$373,MATCH('Question 3'!$S8,'Main Data'!$D$1:$D$373,0),MATCH('Question 3'!V$2,'Main Data'!$D$1:$AE$1,0)) -> 169.7 | W8: =INDEX('Main Data'!$D$1:$AE$373,MATCH('Question 3'!$S8,'Main Data'!$D$1:$D$373,0),MATCH('Question 3'!W$2,'Main Data'!$D$1:$AE$1,0)) -> 169.7 | X8: =INDEX('Main Data'!$D$1:$AE$373,MATCH('Question 3'!$S8,'Main Data'!$D$1:$D$373,0),MATCH('Question 3'!X$2,'Main Data'!$D$1:$AE$1,0)) -> 188.7 | Y8: =INDEX('Main Data'!$D$1:$AE$373,MATCH('Question 3'!$S8,'Main Data'!$D$1:$D$373,0),MATCH('Question 3'!Y$2,'Main Data'!$D$1:$AE$1,0)) -> 165.7 | Z8: =INDEX('Main Data'!$D$1:$AE$373,MATCH('Question 3'!$S8,'Main Data'!$D$1:$D$373,0),MATCH('Question 3'!Z$2,'Main Data'!$D$1:$AE$1,0)) -> 191.8 | AA8: =INDEX('Main Data'!$D$1:$AE$373,MATCH('Question 3'!$S8,'Main Data'!$D$1:$D$373,0),MATCH('Question 3'!AA$2,'Main Data'!$D$1:$AE$1,0)) -> 169.1 | ... AE8: =INDEX('Main Data'!$D$1:$AE$373,MATCH('Question 3'!$S8,'Main Data'!$D$1:$D$373,0),MATCH('Question 3'!AE$2,'Main Data'!$D$1:$AE$1,0)) -> 187.4 | AF8: =SUM(T8:AE8) -> 2103.1 | AH8: Fruits | AI8: =INDEX($S$2:$AE$16,MATCH(2022&"June"&"Rural+Urban",$S$2:$S$16,0),MATCH(AH8,$S$2:$AE$2,0)) -> 169.7 | AJ8: =INDEX($S$2:$AE$16,MATCH(2023&"May"&"Rural+Urban",$S$2:$S$16,0),MATCH(AH8,$S$2:$AE$2,0)) -> 172.2 | AK8: =(AJ8-AI8)/AI8*100 -> 1.473188
S9: 2022OctoberRural+Urban | T9: =INDEX('Main Data'!$D$1:$AE$373,MATCH('Question 3'!$S9,'Main Data'!$D$1:$D$373,0),MATCH('Question 3'!T$2,'Main Data'!$D$1:$AE$1,0)) -> 165.2 | U9: =INDEX('Main Data'!$D$1:$AE$373,MATCH('Question 3'!$S9,'Main Data'!$D$1:$D$373,0),MATCH('Question 3'!U$2,'Main Data'!$D$1:$AE$1,0)) -> 210.9 | V9: =INDEX('Main Data'!$D$1:$AE$373,MATCH('Question 3'!$S9,'Main Data'!$D$1:$D$373,0),MATCH('Question 3'!V$2,'Main Data'!$D$1:$AE$1,0)) -> 170.9 | W9: =INDEX('Main Data'!$D$1:$AE$373,MATCH('Question 3'!$S9,'Main Data'!$D$1:$D$373,0),MATCH('Question 3'!W$2,'Main Data'!$D$1:$AE$1,0)) -> 170.9 | X9: =INDEX('Main Data'!$D$1:$AE$373,MATCH('Question 3'!$S9,'Main Data'!$D$1:$D$373,0),MATCH('Question 3'!X$2,'Main Data'!$D$1:$AE$1,0)) -> 186.5 | Y9: =INDEX('Main Data'!$D$1:$AE$373,MATCH('Question 3'!$S9,'Main Data'!$D$1:$D$373,0),MATCH('Question 3'!Y$2,'Main Data'!$D$1:$AE$1,0)) -> 163.8 | Z9: =INDEX('Main Data'!$D$1:$AE$373,MATCH('Question 3'!$S9,'Main Data'!$D$1:$D$373,0),MATCH('Question 3'!Z$2,'Main Data'!$D$1:$AE$1,0)) -> 199.7 | AA9: =INDEX('Main Data'!$D$1:$AE$373,MATCH('Question 3'!$S9,'Main Data'!$D$1:$D$373,0),MATCH('Question 3'!AA$2,'Main Data'!$D$1:$AE$1,0)) -> 169.8 | ... AE9: =INDEX('Main Data'!$D$1:$AE$373,MATCH('Question 3'!$S9,'Main Data'!$D$1:$D$373,0),MATCH('Question 3'!AE$2,'Main Data'!$D$1:$AE$1,0)) -> 188.3 | AF9: =SUM(T9:AE9) -> 2117.7 | AH9: Vegetables | AI9: =INDEX($S$2:$AE$16,MATCH(2022&"June"&"Rural+Urban",$S$2:$S$16,0),MATCH(AH9,$S$2:$AE$2,0)) -> 182.3 | AJ9: =INDEX($S$2:$AE$16,MATCH(2023&"May"&"Rural+Urban",$S$2:$S$16,0),MATCH(AH9,$S$2:$AE$2,0)) -> 161 | AK9: =(AJ9-AI9)/AI9*100 -> -11.684037
S10: 2022NovemberRural+Urban | T10: =INDEX('Main Data'!$D$1:$AE$373,MATCH('Question 3'!$S10,'Main Data'!$D$1:$D$373,0),MATCH('Question 3'!T$2,'Main Data'!$D$1:$AE$1,0)) -> 167.4 | U10: =INDEX('Main Data'!$D$1:$AE$373,MATCH('Question 3'!$S10,'Main Data'!$D$1:$D$373,0),MATCH('Question 3'!U$2,'Main Data'!$D$1:$AE$1,0)) -> 209.4 | V10: =INDEX('Main Data'!$D$1:$AE$373,MATCH('Question 3'!$S10,'Main Data'!$D$1:$D$373,0),MATCH('Question 3'!V$2,'Main Data'!$D$1:$AE$1,0)) -> 181.4 | W10: =INDEX('Main Data'!$D$1:$AE$373,MATCH('Question 3'!$S10,'Main Data'!$D$1:$D$373,0),MATCH('Question 3'!W$2,'Main Data'!$D$1:$AE$1,0)) -> 172.3 | X10: =INDEX('Main Data'!$D$1:$AE$373,MATCH('Question 3'!$S10,'Main Data'!$D$1:$D$373,0),MATCH('Question 3'!X$2,'Main Data'!$D$1:$AE$1,0)) -> 188.9 | Y10: =INDEX('Main Data'!$D$1:$AE$373,MATCH('Question 3'!$S10,'Main Data'!$D$1:$D$373,0),MATCH('Question 3'!Y$2,'Main Data'!$D$1:$AE$1,0)) -> 160.7 | Z10: =INDEX('Main Data'!$D$1:$AE$373,MATCH('Question 3'!$S10,'Main Data'!$D$1:$D$373,0),MATCH('Question 3'!Z$2,'Main Data'!$D$1:$AE$1,0)) -> 183.1 | AA10: =INDEX('Main Data'!$D$1:$AE$373,MATCH('Question 3'!$S10,'Main Data'!$D$1:$D$373,0),MATCH('Question 3'!AA$2,'Main Data'!$D$1:$AE$1,0)) -> 170.5 | ... AE10: =INDEX('Main Data'!$D$1:$AE$373,MATCH('Question 3'!$S10,'Main Data'!$D$1:$D$373,0),MATCH('Question 3'!AE$2,'Main Data'!$D$1:$AE$1,0)) -> 189.5 | AF10: =SUM(T10:AE10) -> 2118.5 | AH10: Pulses and products | AI10: =INDEX($S$2:$AE$16,MATCH(2022&"June"&"Rural+Urban",$S$2:$S$16,0),MATCH(AH10,$S$2:$AE$2,0)) -> 164.3 | AJ10: =INDEX($S$2:$AE$16,MATCH(2023&"May"&"Rural+Urban",$S$2:$S$16,0),MATCH(AH10,$S$2:$AE$2,0)) -> 175.6 | AK10: =(AJ10-AI10)/AI10*100 -> 6.8776628
S11: 2022DecemberRural+Urban | T11: =INDEX('Main Data'!$D$1:$AE$373,MATCH('Question 3'!$S11,'Main Data'!$D$1:$D$373,0),MATCH('Question 3'!T$2,'Main Data'!$D$1:$AE$1,0)) -> 169.2 | U11: =INDEX('Main Data'!$D$1:$AE$373,MATCH('Question 3'!$S11,'Main Data'!$D$1:$D$373,0),MATCH('Question 3'!U$2,'Main Data'!$D$1:$AE$1,0)) -> 209 | V11: =INDEX('Main Data'!$D$1:$AE$373,MATCH('Question 3'!$S11,'Main Data'!$D$1:$D$373,0),MATCH('Question 3'!V$2,'Main Data'!$D$1:$AE$1,0)) -> 190.2 | W11: =INDEX('Main Data'!$D$1:$AE$373,MATCH('Question 3'!$S11,'Main Data'!$D$1:$D$373,0),MATCH('Question 3'!W$2,'Main Data'!$D$1:$AE$1,0)) -> 173.6 | X11: =INDEX('Main Data'!$D$1:$AE$373,MATCH('Question 3'!$S11,'Main Data'!$D$1:$D$373,0),MATCH('Question 3'!X$2,'Main Data'!$D$1:$AE$1,0)) -> 188.5 | Y11: =INDEX('Main Data'!$D$1:$AE$373,MATCH('Question 3'!$S11,'Main Data'!$D$1:$D$373,0),MATCH('Question 3'!Y$2,'Main Data'!$D$1:$AE$1,0)) -> 158 | Z11: =INDEX('Main Data'!$D$1:$AE$373,MATCH('Question 3'!$S11,'Main Data'!$D$1:$D$373,0),MATCH('Question 3'!Z$2,'Main Data'!$D$1:$AE$1,0)) -> 159.9 | AA11: =INDEX('Main Data'!$D$1:$AE$373,MATCH('Question 3'!$S11,'Main Data'!$D$1:$D$373,0),MATCH('Question 3'!AA$2,'Main Data'!$D$1:$AE$1,0)) -> 170.8 | ... AE11: =INDEX('Main Data'!$D$1:$AE$373,MATCH('Question 3'!$S11,'Main Data'!$D$1:$D$373,0),MATCH('Question 3'!AE$2,'Main Data'!$D$1:$AE$1,0)) -> 190.3 | AF11: =SUM(T11:AE11) -> 2107.5 | AH11: Sugar and Confectionery | AI11: =INDEX($S$2:$AE$16,MATCH(2022&"June"&"Rural+Urban",$S$2:$S$16,0),MATCH(AH11,$S$2:$AE$2,0)) -> 119.9 | AJ11: =INDEX($S$2:$AE$16,MATCH(2023&"May"&"Rural+Urban",$S$2:$S$16,0),MATCH(AH11,$S$2:$AE$2,0)) -> 122.7 | AK11: =(AJ11-AI11)/AI11*100 -> 2.3352794
S12: 2023JanuaryRural+Urban | T12: =INDEX('Main Data'!$D$1:$AE$373,MATCH('Question 3'!$S12,'Main Data'!$D$1:$D$373,0),MATCH('Question 3'!T$2,'Main Data'!$D$1:$AE$1,0)) -> 173.8 | U12: =INDEX('Main Data'!$D$1:$AE$373,MATCH('Question 3'!$S12,'Main Data'!$D$1:$D$373,0),MATCH('Question 3'!U$2,'Main Data'!$D$1:$AE$1,0)) -> 210.7 | V12: =INDEX('Main Data'!$D$1:$AE$373,MATCH('Question 3'!$S12,'Main Data'!$D$1:$D$373,0),MATCH('Question 3'!V$2,'Main Data'!$D$1:$AE$1,0)) -> 194.5 | W12: =INDEX('Main Data'!$D$1:$AE$373,MATCH('Question 3'!$S12,'Main Data'!$D$1:$D$373,0),MATCH('Question 3'!W$2,'Main Data'!$D$1:$AE$1,0)) -> 174.6 | X12: =INDEX('Main Data'!$D$1:$AE$373,MATCH('Question 3'!$S12,'Main Data'!$D$1:$D$373,0),MATCH('Question 3'!X$2,'Main Data'!$D$1:$AE$1,0)) -> 187.2 | Y12: =INDEX('Main Data'!$D$1:$AE$373,MATCH('Question 3'!$S12,'Main Data'!$D$1:$D$373,0),MATCH('Question 3'!Y$2,'Main Data'!$D$1:$AE$1,0)) -> 158.3 | Z12: =INDEX('Main Data'!$D$1:$AE$373,MATCH('Question 3'!$S12,'Main Data'!$D$1:$D$373,0),MATCH('Question 3'!Z$2,'Main Data'!$D$1:$AE$1,0)) -> 153.9 | AA12: =INDEX('Main Data'!$D$1:$AE$373,MATCH('Question 3'!$S12,'Main Data'!$D$1:$D$373,0),MATCH('Question 3'!AA$2,'Main Data'!$D$1:$AE$1,0)) -> 170.9 | ... AE12: =INDEX('Main Data'!$D$1:$AE$373,MATCH('Question 3'!$S12,'Main Data'!$D$1:$D$373,0),MATCH('Question 3'!AE$2,'Main Data'!$D$1:$AE$1,0)) -> 191.2 | AF12: =SUM(T12:AE12) -> 2116 | AH12: Spices | AI12: =INDEX($S$2:$AE$16,MATCH(2022&"June"&"Rural+Urban",$S$2:$S$16,0),MATCH(AH12,$S$2:$AE$2,0)) -> 187.1 | AJ12: =INDEX($S$2:$AE$16,MATCH(2023&"May"&"Rural+Urban",$S$2:$S$16,0),MATCH(AH12,$S$2:$AE$2,0)) -> 218 | AK12: =(AJ12-AI12)/AI12*100 -> 16.515232
D13: High | G13: Low | S13: 2023FebruaryRural+Urban | T13: =INDEX('Main Data'!$D$1:$AE$373,MATCH('Question 3'!$S13,'Main Data'!$D$1:$D$373,0),MATCH('Question 3'!T$2,'Main Data'!$D$1:$AE$1,0)) -> 174.4 | U13: =INDEX('Main Data'!$D$1:$AE$373,MATCH('Question 3'!$S13,'Main Data'!$D$1:$D$373,0),MATCH('Question 3'!U$2,'Main Data'!$D$1:$AE$1,0)) -> 207.7 | V13: =INDEX('Main Data'!$D$1:$AE$373,MATCH('Question 3'!$S13,'Main Data'!$D$1:$D$373,0),MATCH('Question 3'!V$2,'Main Data'!$D$1:$AE$1,0)) -> 175.2 | W13: =INDEX('Main Data'!$D$1:$AE$373,MATCH('Question 3'!$S13,'Main Data'!$D$1:$D$373,0),MATCH('Question 3'!W$2,'Main Data'!$D$1:$AE$1,0)) -> 177.3 | X13: =INDEX('Main Data'!$D$1:$AE$373,MATCH('Question 3'!$S13,'Main Data'!$D$1:$D$373,0),MATCH('Question 3'!X$2,'Main Data'!$D$1:$AE$1,0)) -> 179.3 | Y13: =INDEX('Main Data'!$D$1:$AE$373,MATCH('Question 3'!$S13,'Main Data'!$D$1:$D$373,0),MATCH('Question 3'!Y$2,'Main Data'!$D$1:$AE$1,0)) -> 169.5 | Z13: =INDEX('Main Data'!$D$1:$AE$373,MATCH('Question 3'!$S13,'Main Data'!$D$1:$D$373,0),MATCH('Question 3'!Z$2,'Main Data'!$D$1:$AE$1,0)) -> 152.7 | AA13: =INDEX('Main Data'!$D$1:$AE$373,MATCH('Question 3'!$S13,'Main Data'!$D$1:$D$373,0),MATCH('Question 3'!AA$2,'Main Data'!$D$1:$AE$1,0)) -> 171 | ... AE13: =INDEX('Main Data'!$D$1:$AE$373,MATCH('Question 3'!$S13,'Main Data'!$D$1:$D$373,0),MATCH('Question 3'!AE$2,'Main Data'!$D$1:$AE$1,0)) -> 193 | AF13: =SUM(T13:AE13) -> 2102.1 | AH13: Prepared meals, snacks, sweets etc. | AI13: =INDEX($S$2:$AE$16,MATCH(2022&"June"&"Rural+Urban",$S$2:$S$16,0),MATCH(AH13,$S$2:$AE$2,0)) -> 183.9 | AJ13: =INDEX($S$2:$AE$16,MATCH(2023&"May"&"Rural+Urban",$S$2:$S$16,0),MATCH(AH13,$S$2:$AE$2,0)) -> 194.2 | AK13: =(AJ13-AI13)/AI13*100 -> 5.60087
S14: 2023MarchRural+Urban | T14: =INDEX('Main Data'!$D$1:$AE$373,MATCH('Question 3'!$S14,'Main Data'!$D$1:$D$373,0),MATCH('Question 3'!T$2,'Main Data'!$D$1:$AE$1,0)) -> 174.4 | U14: =INDEX('Main Data'!$D$1:$AE$373,MATCH('Question 3'!$S14,'Main Data'!$D$1:$D$373,0),MATCH('Question 3'!U$2,'Main Data'!$D$1:$AE$1,0)) -> 207.7 | V14: =INDEX('Main Data'!$D$1:$AE$373,MATCH('Question 3'!$S14,'Main Data'!$D$1:$D$373,0),MATCH('Question 3'!V$2,'Main Data'!$D$1:$AE$1,0)) -> 175.2 | W14: =INDEX('Main Data'!$D$1:$AE$373,MATCH('Question 3'!$S14,'Main Data'!$D$1:$D$373,0),MATCH('Question 3'!W$2,'Main Data'!$D$1:$AE$1,0)) -> 177.3 | X14: =INDEX('Main Data'!$D$1:$AE$373,MATCH('Question 3'!$S14,'Main Data'!$D$1:$D$373,0),MATCH('Question 3'!X$2,'Main Data'!$D$1:$AE$1,0)) -> 179.2 | Y14: =INDEX('Main Data'!$D$1:$AE$373,MATCH('Question 3'!$S14,'Main Data'!$D$1:$D$373,0),MATCH('Question 3'!Y$2,'Main Data'!$D$1:$AE$1,0)) -> 169.5 | Z14: =INDEX('Main Data'!$D$1:$AE$373,MATCH('Question 3'!$S14,'Main Data'!$D$1:$D$373,0),MATCH('Question 3'!Z$2,'Main Data'!$D$1:$AE$1,0)) -> 152.8 | AA14: =INDEX('Main Data'!$D$1:$AE$373,MATCH('Question 3'!$S14,'Main Data'!$D$1:$D$373,0),MATCH('Question 3'!AA$2,'Main Data'!$D$1:$AE$1,0)) -> 171.1 | ... AE14: =INDEX('Main Data'!$D$1:$AE$373,MATCH('Question 3'!$S14,'Main Data'!$D$1:$D$373,0),MATCH('Question 3'!AE$2,'Main Data'!$D$1:$AE$1,0)) -> 193 | AF14: =SUM(T14:AE14) -> 2102.2
S15: 2023AprilRural+Urban | T15: =INDEX('Main Data'!$D$1:$AE$373,MATCH('Question 3'!$S15,'Main Data'!$D$1:$D$373,0),MATCH('Question 3'!T$2,'Main Data'!$D$1:$AE$1,0)) -> 173.8 | U15: =INDEX('Main Data'!$D$1:$AE$373,MATCH('Question 3'!$S15,'Main Data'!$D$1:$D$373,0),MATCH('Question 3'!U$2,'Main Data'!$D$1:$AE$1,0)) -> 209.3 | V15: =INDEX('Main Data'!$D$1:$AE$373,MATCH('Question 3'!$S15,'Main Data'!$D$1:$D$373,0),MATCH('Question 3'!V$2,'Main Data'!$D$1:$AE$1,0)) -> 169.6 | W15: =INDEX('Main Data'!$D$1:$AE$373,MATCH('Question 3'!$S15,'Main Data'!$D$1:$D$373,0),MATCH('Question 3'!W$2,'Main Data'!$D$1:$AE$1,0)) -> 178.4 | X15: =INDEX('Main Data'!$D$1:$AE$373,MATCH('Question 3'!$S15,'Main Data'!$D$1:$D$373,0),MATCH('Question 3'!X$2,'Main Data'!$D$1:$AE$1,0)) -> 174.9 | Y15: =INDEX('Main Data'!$D$1:$AE$373,MATCH('Question 3'!$S15,'Main Data'!$D$1:$D$373,0),MATCH('Question 3'!Y$2,'Main Data'!$D$1:$AE$1,0)) -> 176.3 | Z15: =INDEX('Main Data'!$D$1:$AE$373,MATCH('Question 3'!$S15,'Main Data'!$D$1:$D$373,0),MATCH('Question 3'!Z$2,'Main Data'!$D$1:$AE$1,0)) -> 155.4 | AA15: =INDEX('Main Data'!$D$1:$AE$373,MATCH('Question 3'!$S15,'Main Data'!$D$1:$D$373,0),MATCH('Question 3'!AA$2,'Main Data'!$D$1:$AE$1,0)) -> 173.4 | ... AE15: =INDEX('Main Data'!$D$1:$AE$373,MATCH('Question 3'!$S15,'Main Data'!$D$1:$D$373,0),MATCH('Question 3'!AE$2,'Main Data'!$D$1:$AE$1,0)) -> 193.5 | AF15: =SUM(T15:AE15) -> 2111.7
S16: 2023MayRural+Urban | T16: =INDEX('Main Data'!$D$1:$AE$373,MATCH('Question 3'!$S16,'Main Data'!$D$1:$D$373,0),MATCH('Question 3'!T$2,'Main Data'!$D$1:$AE$1,0)) -> 173.7 | U16: =INDEX('Main Data'!$D$1:$AE$373,MATCH('Question 3'!$S16,'Main Data'!$D$1:$D$373,0),MATCH('Question 3'!U$2,'Main Data'!$D$1:$AE$1,0)) -> 214.3 | V16: =INDEX('Main Data'!$D$1:$AE$373,MATCH('Question 3'!$S16,'Main Data'!$D$1:$D$373,0),MATCH('Question 3'!V$2,'Main Data'!$D$1:$AE$1,0)) -> 173.2 | W16: =INDEX('Main Data'!$D$1:$AE$373,MATCH('Question 3'!$S16,'Main Data'!$D$1:$D$373,0),MATCH('Question 3'!W$2,'Main Data'!$D$1:$AE$1,0)) -> 179.5 | X16: =INDEX('Main Data'!$D$1:$AE$373,MATCH('Question 3'!$S16,'Main Data'!$D$1:$D$373,0),MATCH('Question 3'!X$2,'Main Data'!$D$1:$AE$1,0)) -> 170 | Y16: =INDEX('Main Data'!$D$1:$AE$373,MATCH('Question 3'!$S16,'Main Data'!$D$1:$D$373,0),MATCH('Question 3'!Y$2,'Main Data'!$D$1:$AE$1,0)) -> 172.2 | Z16: =INDEX('Main Data'!$D$1:$AE$373,MATCH('Question 3'!$S16,'Main Data'!$D$1:$D$373,0),MATCH('Question 3'!Z$2,'Main Data'!$D$1:$AE$1,0)) -> 161 | AA16: =INDEX('Main Data'!$D$1:$AE$373,MATCH('Question 3'!$S16,'Main Data'!$D$1:$D$373,0),MATCH('Question 3'!AA$2,'Main Data'!$D$1:$AE$1,0)) -> 175.6 | ... AE16: =INDEX('Main Data'!$D$1:$AE$373,MATCH('Question 3'!$S16,'Main Data'!$D$1:$D$373,0),MATCH('Question 3'!AE$2,'Main Data'!$D$1:$AE$1,0)) -> 194.2 | AF16: =SUM(T16:AE16) -> 2127.8
AF17: =SUM(T17:AE17) -> 0
S19: Food Bucket Category | T19: Food Inflation
S20: 44682 | T20: =((AF4-AF3)/AF3)*100 -> 1.0814779
S21: June | T21: =((AF5-AF4)/AF4)*100 -> 1.0360186
S22: July | T22: =((AF6-AF5)/AF5)*100 -> 0.20603737
S23: August | T23: =((AF7-AF6)/AF6)*100 -> 0.076507436
S24: September | T24: =((AF8-AF7)/AF7)*100 -> 0.48736203
S25: October | T25: =((AF9-AF8)/AF8)*100 -> 0.6942133
S26: November | T26: =((AF10-AF9)/AF9)*100 -> 0.037776833
S27: December | T27: =((AF11-AF10)/AF10)*100 -> -0.51923531
S28: January | T28: =((AF12-AF11)/AF11)*100 -> 0.40332147
S29: February | T29: =((AF13-AF12)/AF12)*100 -> -0.65689981
S30: March | T30: =((AF14-AF13)/AF13)*100 -> 0.0047571476
S31: April | T31: =((AF15-AF14)/AF14)*100 -> 0.45190753
S32: May | T32: =((AF16-AF15)/AF15)*100 -> 0.7624189

Sheet Question 4
AP1: Inflation before Covid-19 in Rural | AV1: Urban After Covid-19 in Rural | BB1: 2018-2019 Rural | BG1: 2018-2019 Urban | BL1: 2018-2019 Rural+Urban
AP2: YoY | AQ2: March | AR2: February | AS2: Inflation | AV2: YoY | AW2: April | AX2: March | AY2: Inflation | BB2: Category | BC2: March | BD2: February | BE2: Inflation | BG2: Category | BH2: March | BI2: February | BJ2: Inflation | BL2: Category | BM2: March | BN2: February | BO2: Inflation
AP3: 2018 | AQ3: =VLOOKUP($AP3&AQ$2&"Rural",'Main Data'!$D$1:$AE$373,28,0) -> 138.7 | AR3: =VLOOKUP(($AP3+1)&AR$2&"Rural",'Main Data'!$D$1:$AE$373,28,0) -> 141 | AS3: =(AR3-AQ3)/AR3 -> 0.016312057 | AV3: 2020 | AW3: =VLOOKUP($AV3&"March"&"Rural",'Main Data'!$D$1:$AE$373,28,0) -> 149.8 | AX3: =VLOOKUP(($AV3+1)&AX$2&"Rural",'Main Data'!$D$1:$AE$373,28,0) -> 156.7 | AY3: =(AX3-AW3)/AX3 -> 0.044033184 | AZ3: for not getting error we assume that the april index value is same as march | BB3: Food and beverages | BC3: =INDEX('Main Data'!$D$1:$AE$373,MATCH(2018&'Question 4'!BC$2&"Rural",'Main Data'!$D$1:$D$373,0),MATCH('Question 4'!$BB3,'Main Data'!$D$1:$AE$1,0)) -> 138.6 | BD3: =INDEX('Main Data'!$D$1:$AE$373,MATCH(2019&'Question 4'!BD$2&"Rural",'Main Data'!$D$1:$D$373,0),MATCH('Question 4'!$BB3,'Main Data'!$D$1:$AE$1,0)) -> 137.2 | BE3: =(BD3-BC3)/BC3 -> -0.01010101 | BG3: Food and beverages | BH3: =INDEX('Main Data'!$D$1:$AE$373,MATCH(2018&'Question 4'!BH$2&"Urban",'Main Data'!$D$1:$D$373,0),MATCH('Question 4'!$BB3,'Main Data'!$D$1:$AE$1,0)) -> 134.8 | BI3: =INDEX('Main Data'!$D$1:$AE$373,MATCH(2019&'Question 4'!BI$2&"Urban",'Main Data'!$D$1:$D$373,0),MATCH('Question 4'!$BB3,'Main Data'!$D$1:$AE$1,0)) -> 138 | BJ3: =(BI3-BH3)/BH3 -> 0.023738872 | BL3: Food and beverages | BM3: =INDEX('Main Data'!$D$1:$AE$373,MATCH(2018&'Question 4'!BM$2&"Rural+Urban",'Main Data'!$D$1:$D$373,0),MATCH('Question 4'!$BB3,'Main Data'!$D$1:$AE$1,0)) -> 137.2 | BN3: =INDEX('Main Data'!$D$1:$AE$373,MATCH(2019&'Question 4'!BN$2&"Rural+Urban",'Main Data'!$D$1:$D$373,0),MATCH('Question 4'!$BB3,'Main Data'!$D$1:$AE$1,0)) -> 137.5 | BO3: =(BN3-BM3)/BM3 -> 0.0021865889
AP4: 2019 | AQ4: =VLOOKUP($AP4&AQ$2&"Rural",'Main Data'!$D$1:$AE$373,28,0) -> 141.2 | AR4: =VLOOKUP(($AP4+1)&AR$2&"Rural",'Main Data'!$D$1:$AE$373,28,0) -> 150.4 | AS4: =(AR4-AQ4)/AR4 -> 0.061170213 | AV4: 2021 | AW4: =VLOOKUP($AV4&AW$2&"Rural",'Main Data'!$D$1:$AE$373,28,0) -> 157.6 | AX4: =VLOOKUP(($AV4+1)&AX$2&"Rural",'Main Data'!$D$1:$AE$373,28,0) -> 168.7 | AY4: =(AX4-AW4)/AX4 -> 0.065797273 | BB4: Pan, tobacco and intoxicants | BC4: =INDEX('Main Data'!$D$1:$AE$373,MATCH(2018&'Question 4'!BC$2&"Rural",'Main Data'!$D$1:$D$373,0),MATCH('Question 4'!$BB4,'Main Data'!$D$1:$AE$1,0)) -> 155.1 | BD4: =INDEX('Main Data'!$D$1:$AE$373,MATCH(2019&'Question 4'!BD$2&"Rural",'Main Data'!$D$1:$D$373,0),MATCH('Question 4'!$BB4,'Main Data'!$D$1:$AE$1,0)) -> 162.8 | BE4: =(BD4-BC4)/BC4 -> 0.04964539 | BG4: Pan, tobacco and intoxicants | BH4: =INDEX('Main Data'!$D$1:$AE$373,MATCH(2018&'Question 4'!BH$2&"Urban",'Main Data'!$D$1:$D$373,0),MATCH('Question 4'!$BB4,'Main Data'!$D$1:$AE$1,0)) -> 159.7 | BI4: =INDEX('Main Data'!$D$1:$AE$373,MATCH(2019&'Question 4'!BI$2&"Urban",'Main Data'!$D$1:$D$373,0),MATCH('Question 4'!$BB4,'Main Data'!$D$1:$AE$1,0)) -> 164.9 | BJ4: =(BI4-BH4)/BH4 -> 0.032561052 | BL4: Pan, tobacco and intoxicants | BM4: =INDEX('Main Data'!$D$1:$AE$373,MATCH(2018&'Question 4'!BM$2&"Rural+Urban",'Main Data'!$D$1:$D$373,0),MATCH('Question 4'!$BB4,'Main Data'!$D$1:$AE$1,0)) -> 156.3 | BN4: =INDEX('Main Data'!$D$1:$AE$373,MATCH(2019&'Question 4'!BN$2&"Rural+Urban",'Main Data'!$D$1:$D$373,0),MATCH('Question 4'!$BB4,'Main Data'!$D$1:$AE$1,0)) -> 163.4 | BO4: =(BN4-BM4)/BM4 -> 0.045425464
BB5: Clothing and footwear | BC5: =INDEX('Main Data'!$D$1:$AE$373,MATCH(2018&'Question 4'!BC$2&"Rural",'Main Data'!$D$1:$D$373,0),MATCH('Question 4'!$BB5,'Main Data'!$D$1:$AE$1,0)) -> 148.3 | BD5: =INDEX('Main Data'!$D$1:$AE$373,MATCH(2019&'Question 4'!BD$2&"Rural",'Main Data'!$D$1:$D$373,0),MATCH('Question 4'!$BB5,'Main Data'!$D$1:$AE$1,0)) -> 149.9 | BE5: =(BD5-BC5)/BC5 -> 0.010788941 | BG5: Clothing and footwear | BH5: =INDEX('Main Data'!$D$1:$AE$373,MATCH(2018&'Question 4'!BH$2&"Urban",'Main Data'!$D$1:$D$373,0),MATCH('Question 4'!$BB5,'Main Data'!$D$1:$AE$1,0)) -> 135.2 | BI5: =INDEX('Main Data'!$D$1:$AE$373,MATCH(2019&'Question 4'!BI$2&"Urban",'Main Data'!$D$1:$D$373,0),MATCH('Question 4'!$BB5,'Main Data'!$D$1:$AE$1,0)) -> 141.4 | BJ5: =(BI5-BH5)/BH5 -> 0.045857988 | BL5: Clothing and footwear | BM5: =INDEX('Main Data'!$D$1:$AE$373,MATCH(2018&'Question 4'!BM$2&"Rural+Urban",'Main Data'!$D$1:$D$373,0),MATCH('Question 4'!$BB5,'Main Data'!$D$1:$AE$1,0)) -> 143.1 | BN5: =INDEX('Main Data'!$D$1:$AE$373,MATCH(2019&'Question 4'!BN$2&"Rural+Urban",'Main Data'!$D$1:$D$373,0),MATCH('Question 4'!$BB5,'Main Data'!$D$1:$AE$1,0)) -> 146.5 | BO5: =(BN5-BM5)/BM5 -> 0.023759609
AP6: Inflation Before Covid-19 in Urban | AV6: Inflation After Covid-19 in Urban | BB6: Household goods and services | BC6: =INDEX('Main Data'!$D$1:$AE$373,MATCH(2018&'Question 4'!BC$2&"Rural",'Main Data'!$D$1:$D$373,0),MATCH('Question 4'!$BB6,'Main Data'!$D$1:$AE$1,0)) -> 139.9 | BD6: =INDEX('Main Data'!$D$1:$AE$373,MATCH(2019&'Question 4'!BD$2&"Rural",'Main Data'!$D$1:$D$373,0),MATCH('Question 4'!$BB6,'Main Data'!$D$1:$AE$1,0)) -> 150.1 | BE6: =(BD6-BC6)/BC6 -> 0.072909221 | BG6: Household goods and services | BH6: =INDEX('Main Data'!$D$1:$AE$373,MATCH(2018&'Question 4'!BH$2&"Urban",'Main Data'!$D$1:$D$373,0),MATCH('Question 4'!$BB6,'Main Data'!$D$1:$AE$1,0)) -> 130.8 | BI6: =INDEX('Main Data'!$D$1:$AE$373,MATCH(2019&'Question 4'!BI$2&"Urban",'Main Data'!$D$1:$D$373,0),MATCH('Question 4'!$BB6,'Main Data'!$D$1:$AE$1,0)) -> 136.6 | BJ6: =(BI6-BH6)/BH6 -> 0.044342508 | BL6: Household goods and services | BM6: =INDEX('Main Data'!$D$1:$AE$373,MATCH(2018&'Question 4'!BM$2&"Rural+Urban",'Main Data'!$D$1:$D$373,0),MATCH('Question 4'!$BB6,'Main Data'!$D$1:$AE$1,0)) -> 135.6 | BN6: =INDEX('Main Data'!$D$1:$AE$373,MATCH(2019&'Question 4'!BN$2&"Rural+Urban",'Main Data'!$D$1:$D$373,0),MATCH('Question 4'!$BB6,'Main Data'!$D$1:$AE$1,0)) -> 143.7 | BO6: =(BN6-BM6)/BM6 -> 0.059734513
AP7: YoY | AQ7: March | AR7: February | AS7: Inflation | AV7: YoY | AW7: April | AX7: February | AY7: Inflation | BB7: Personal care and effects | BC7: =INDEX('Main Data'!$D$1:$AE$373,MATCH(2018&'Question 4'!BC$2&"Rural",'Main Data'!$D$1:$D$373,0),MATCH('Question 4'!$BB7,'Main Data'!$D$1:$AE$1,0)) -> 129.3 | BD7: =INDEX('Main Data'!$D$1:$AE$373,MATCH(2019&'Question 4'!BD$2&"Rural",'Main Data'!$D$1:$D$373,0),MATCH('Question 4'!$BB7,'Main Data'!$D$1:$AE$1,0)) -> 134.9 | BE7: =(BD7-BC7)/BC7 -> 0.043310131 | BG7: Personal care and effects | BH7: =INDEX('Main Data'!$D$1:$AE$373,MATCH(2018&'Question 4'!BH$2&"Urban",'Main Data'!$D$1:$D$373,0),MATCH('Question 4'!$BB7,'Main Data'!$D$1:$AE$1,0)) -> 126.7 | BI7: =INDEX('Main Data'!$D$1:$AE$373,MATCH(2019&'Question 4'!BI$2&"Urban",'Main Data'!$D$1:$D$373,0),MATCH('Question 4'!$BB7,'Main Data'!$D$1:$AE$1,0)) -> 133 | BJ7: =(BI7-BH7)/BH7 -> 0.049723757 | BL7: Personal care and effects | BM7: =INDEX('Main Data'!$D$1:$AE$373,MATCH(2018&'Question 4'!BM$2&"Rural+Urban",'Main Data'!$D$1:$D$373,0),MATCH('Question 4'!$BB7,'Main Data'!$D$1:$AE$1,0)) -> 128.2 | BN7: =INDEX('Main Data'!$D$1:$AE$373,MATCH(2019&'Question 4'!BN$2&"Rural+Urban",'Main Data'!$D$1:$D$373,0),MATCH('Question 4'!$BB7,'Main Data'!$D$1:$AE$1,0)) -> 134.1 | BO7: =(BN7-BM7)/BM7 -> 0.046021841
AP8: 2018 | AQ8: =VLOOKUP($AP8&AQ$2&"Urban",'Main Data'!$D$1:$AE$373,28,0) -> 134 | AR8: =VLOOKUP(($AP8+1)&AR$2&"Urban",'Main Data'!$D$1:$AE$373,28,0) -> 138.6 | AS8: =(AR8-AQ8)/AR8 -> 0.033189033 | AV8: 2020 | AW8: =VLOOKUP($AV8&"March"&"Urban",'Main Data'!$D$1:$AE$373,28,0) -> 147.3 | AX8: =VLOOKUP(($AV8+1)&AX$2&"Urban",'Main Data'!$D$1:$AE$373,28,0) -> 156.9 | AY8: =(AX8-AW8)/AX8 -> 0.061185468 | AZ8: for not getting error we assume that the april index value is same as march | BB8: Miscellaneous | BC8: =INDEX('Main Data'!$D$1:$AE$373,MATCH(2018&'Question 4'!BC$2&"Rural",'Main Data'!$D$1:$D$373,0),MATCH('Question 4'!$BB8,'Main Data'!$D$1:$AE$1,0)) -> 133.3 | BD8: =INDEX('Main Data'!$D$1:$AE$373,MATCH(2019&'Question 4'!BD$2&"Rural",'Main Data'!$D$1:$D$373,0),MATCH('Question 4'!$BB8,'Main Data'!$D$1:$AE$1,0)) -> 142.2 | BE8: =(BD8-BC8)/BC8 -> 0.066766692 | BG8: Miscellaneous | BH8: =INDEX('Main Data'!$D$1:$AE$373,MATCH(2018&'Question 4'!BH$2&"Urban",'Main Data'!$D$1:$D$373,0),MATCH('Question 4'!$BB8,'Main Data'!$D$1:$AE$1,0)) -> 127.1 | BI8: =INDEX('Main Data'!$D$1:$AE$373,MATCH(2019&'Question 4'!BI$2&"Urban",'Main Data'!$D$1:$D$373,0),MATCH('Question 4'!$BB8,'Main Data'!$D$1:$AE$1,0)) -> 132.4 | BJ8: =(BI8-BH8)/BH8 -> 0.041699449 | BL8: Miscellaneous | BM8: =INDEX('Main Data'!$D$1:$AE$373,MATCH(2018&'Question 4'!BM$2&"Rural+Urban",'Main Data'!$D$1:$D$373,0),MATCH('Question 4'!$BB8,'Main Data'!$D$1:$AE$1,0)) -> 130.3 | BN8: =INDEX('Main Data'!$D$1:$AE$373,MATCH(2019&'Question 4'!BN$2&"Rural+Urban",'Main Data'!$D$1:$D$373,0),MATCH('Question 4'!$BB8,'Main Data'!$D$1:$AE$1,0)) -> 137.4 | BO8: =(BN8-BM8)/BM8 -> 0.054489639
AP9: 2019 | AQ9: =VLOOKUP($AP9&AQ$2&"Urban",'Main Data'!$D$1:$AE$373,28,0) -> 139.5 | AR9: =VLOOKUP(($AP9+1)&AR$2&"Urban",'Main Data'!$D$1:$AE$373,28,0) -> 147.7 | AS9: =(AR9-AQ9)/AR9 -> 0.055517942 | AV9: 2021 | AW9: =VLOOKUP($AV9&"March"&"Urban",'Main Data'!$D$1:$AE$373,28,0) -> 156.9 | AX9: =VLOOKUP(($AV9+1)&AX$2&"Urban",'Main Data'!$D$1:$AE$373,28,0) -> 166.5 | AY9: =(AX9-AW9)/AX9 -> 0.057657658 | BB9: 2019-2020 Rural | BG9: 2019-2020 Urban | BL9: 2019-2020 Rural+Urban
BB10: Category | BC10: March | BD10: February | BE10: Inflation | BG10: Category | BH10: March | BI10: February | BJ10: Inflation | BL10: Category | BM10: March | BN10: February | BO10: Inflation
AP11: Inflation Before Covid-19 in Rural+Urban | BB11: Food and beverages | BC11: =INDEX('Main Data'!$D$1:$AE$373,MATCH(2019&'Question 4'!BC$2&"Rural",'Main Data'!$D$1:$D$373,0),MATCH('Question 4'!$BB11,'Main Data'!$D$1:$AE$1,0)) -> 137.3 | BD11: =INDEX('Main Data'!$D$1:$AE$373,MATCH(2020&'Question 4'!BD$2&"Rural",'Main Data'!$D$1:$D$373,0),MATCH('Question 4'!$BB11,'Main Data'!$D$1:$AE$1,0)) -> 149.8 | BE11: =(BD11-BC11)/BC11 -> 0.091041515 | BG11: Food and beverages | BH11: =INDEX('Main Data'!$D$1:$AE$373,MATCH(2019&'Question 4'!BH$2&"Urban",'Main Data'!$D$1:$D$373,0),MATCH('Question 4'!$BB11,'Main Data'!$D$1:$AE$1,0)) -> 139.6 | BI11: =INDEX('Main Data'!$D$1:$AE$373,MATCH(2020&'Question 4'!BI$2&"Urban",'Main Data'!$D$1:$D$373,0),MATCH('Question 4'!$BB11,'Main Data'!$D$1:$AE$1,0)) -> 151.7 | BJ11: =(BI11-BH11)/BH11 -> 0.086676218 | BL11: Food and beverages | BM11: =INDEX('Main Data'!$D$1:$AE$373,MATCH(2019&'Question 4'!BM$2&"Rural+Urban",'Main Data'!$D$1:$D$373,0),MATCH('Question 4'!$BB11,'Main Data'!$D$1:$AE$1,0)) -> 138.1 | BN11: =INDEX('Main Data'!$D$1:$AE$373,MATCH(2020&'Question 4'!BN$2&"Rural+Urban",'Main Data'!$D$1:$D$373,0),MATCH('Question 4'!$BB11,'Main Data'!$D$1:$AE$1,0)) -> 150.5 | BO11: =(BN11-BM11)/BM11 -> 0.089790007
AP12: YoY | AQ12: March | AR12: February | AS12: Inflation | AV12: YoY | AW12: March | AX12: February | AY12: Inflation | BB12: Pan, tobacco and intoxicants | BC12: =INDEX('Main Data'!$D$1:$AE$373,MATCH(2019&'Question 4'!BC$2&"Rural",'Main Data'!$D$1:$D$373,0),MATCH('Question 4'!$BB12,'Main Data'!$D$1:$AE$1,0)) -> 162.9 | BD12: =INDEX('Main Data'!$D$1:$AE$373,MATCH(2020&'Question 4'!BD$2&"Rural",'Main Data'!$D$1:$D$373,0),MATCH('Question 4'!$BB12,'Main Data'!$D$1:$AE$1,0)) -> 169.4 | BE12: =(BD12-BC12)/BC12 -> 0.03990178 | BG12: Pan, tobacco and intoxicants | BH12: =INDEX('Main Data'!$D$1:$AE$373,MATCH(2019&'Question 4'!BH$2&"Urban",'Main Data'!$D$1:$D$373,0),MATCH('Question 4'!$BB12,'Main Data'!$D$1:$AE$1,0)) -> 165.3 | BI12: =INDEX('Main Data'!$D$1:$AE$373,MATCH(2020&'Question 4'!BI$2&"Urban",'Main Data'!$D$1:$D$373,0),MATCH('Question 4'!$BB12,'Main Data'!$D$1:$AE$1,0)) -> 172 | BJ12: =(BI12-BH12)/BH12 -> 0.040532365 | BL12: Pan, tobacco and intoxicants | BM12: =INDEX('Main Data'!$D$1:$AE$373,MATCH(2019&'Question 4'!BM$2&"Rural+Urban",'Main Data'!$D$1:$D$373,0),MATCH('Question 4'!$BB12,'Main Data'!$D$1:$AE$1,0)) -> 163.5 | BN12: =INDEX('Main Data'!$D$1:$AE$373,MATCH(2020&'Question 4'!BN$2&"Rural+Urban",'Main Data'!$D$1:$D$373,0),MATCH('Question 4'!$BB12,'Main Data'!$D$1:$AE$1,0)) -> 170.1 | BO12: =(BN12-BM12)/BM12 -> 0.040366972
AP13: 2018 | AQ13: =VLOOKUP($AP13&AQ$2&"Rural+Urban",'Main Data'!$D$1:$AE$373,28,0) -> 136.5 | AR13: =VLOOKUP(($AP13+1)&AR$2&"Rural+Urban",'Main Data'!$D$1:$AE$373,28,0) -> 139.9 | AS13: =(AR13-AQ13)/AR13 -> 0.024303074 | AV13: 2020 | AW13: =VLOOKUP($AV13&"March"&"Rural+Urban",'Main Data'!$D$1:$AE$373,28,0) -> 148.6 | AX13: =VLOOKUP(($AV13+1)&AX$2&"Rural+Urban",'Main Data'!$D$1:$AE$373,28,0) -> 156.8 | AY13: =(AX13-AW13)/AX13 -> 0.052295918 | AZ13: for not getting error we assume that the april index value is same as march | BB13: Clothing and footwear | BC13: =INDEX('Main Data'!$D$1:$AE$373,MATCH(2019&'Question 4'!BC$2&"Rural",'Main Data'!$D$1:$D$373,0),MATCH('Question 4'!$BB13,'Main Data'!$D$1:$AE$1,0)) -> 150.1 | BD13: =INDEX('Main Data'!$D$1:$AE$373,MATCH(2020&'Question 4'!BD$2&"Rural",'Main Data'!$D$1:$D$373,0),MATCH('Question 4'!$BB13,'Main Data'!$D$1:$AE$1,0)) -> 152.3 | BE13: =(BD13-BC13)/BC13 -> 0.014656895 | BG13: Clothing and footwear | BH13: =INDEX('Main Data'!$D$1:$AE$373,MATCH(2019&'Question 4'!BH$2&"Urban",'Main Data'!$D$1:$D$373,0),MATCH('Question 4'!$BB13,'Main Data'!$D$1:$AE$1,0)) -> 141.6 | BI13: =INDEX('Main Data'!$D$1:$AE$373,MATCH(2020&'Question 4'!BI$2&"Urban",'Main Data'!$D$1:$D$373,0),MATCH('Question 4'!$BB13,'Main Data'!$D$1:$AE$1,0)) -> 145.2 | BJ13: =(BI13-BH13)/BH13 -> 0.025423729 | BL13: Clothing and footwear | BM13: =INDEX('Main Data'!$D$1:$AE$373,MATCH(2019&'Question 4'!BM$2&"Rural+Urban",'Main Data'!$D$1:$D$373,0),MATCH('Question 4'!$BB13,'Main Data'!$D$1:$AE$1,0)) -> 146.7 | BN13: =INDEX('Main Data'!$D$1:$AE$373,MATCH(2020&'Question 4'!BN$2&"Rural+Urban",'Main Data'!$D$1:$D$373,0),MATCH('Question 4'!$BB13,'Main Data'!$D$1:$AE$1,0)) -> 149.5 | BO13: =(BN13-BM13)/BM13 -> 0.019086571
AP14: 2019 | AQ14: =VLOOKUP($AP14&AQ$2&"Rural+Urban",'Main Data'!$D$1:$AE$373,28,0) -> 140.4 | AR14: =VLOOKUP(($AP14+1)&AR$2&"Rural+Urban",'Main Data'!$D$1:$AE$373,28,0) -> 149.1 | AS14: =(AR14-AQ14)/AR14 -> 0.058350101 | AV14: 2021 | AW14: =VLOOKUP($AV14&"March"&"Rural+Urban",'Main Data'!$D$1:$AE$373,28,0) -> 156.8 | AX14: =VLOOKUP(($AV14+1)&AX$2&"Rural+Urban",'Main Data'!$D$1:$AE$373,28,0) -> 167.7 | AY14: =(AX14-AW14)/AX14 -> 0.064997018 | BB14: Household goods and services | BC14: =INDEX('Main Data'!$D$1:$AE$373,MATCH(2019&'Question 4'!BC$2&"Rural",'Main Data'!$D$1:$D$373,0),MATCH('Question 4'!$BB14,'Main Data'!$D$1:$AE$1,0)) -> 150 | BD14: =INDEX('Main Data'!$D$1:$AE$373,MATCH(2020&'Question 4'!BD$2&"Rural",'Main Data'!$D$1:$D$373,0),MATCH('Question 4'!$BB14,'Main Data'!$D$1:$AE$1,0)) -> 151.8 | BE14: =(BD14-BC14)/BC14 -> 0.012 | BG14: Household goods and services | BH14: =INDEX('Main Data'!$D$1:$AE$373,MATCH(2019&'Question 4'!BH$2&"Urban",'Main Data'!$D$1:$D$373,0),MATCH('Question 4'!$BB14,'Main Data'!$D$1:$AE$1,0)) -> 136.8 | BI14: =INDEX('Main Data'!$D$1:$AE$373,MATCH(2020&'Question 4'!BI$2&"Urban",'Main Data'!$D$1:$D$373,0),MATCH('Question 4'!$BB14,'Main Data'!$D$1:$AE$1,0)) -> 140.4 | BJ14: =(BI14-BH14)/BH14 -> 0.026315789 | BL14: Household goods and services | BM14: =INDEX('Main Data'!$D$1:$AE$373,MATCH(2019&'Question 4'!BM$2&"Rural+Urban",'Main Data'!$D$1:$D$373,0),MATCH('Question 4'!$BB14,'Main Data'!$D$1:$AE$1,0)) -> 143.8 | BN14: =INDEX('Main Data'!$D$1:$AE$373,MATCH(2020&'Question 4'!BN$2&"Rural+Urban",'Main Data'!$D$1:$D$373,0),MATCH('Question 4'!$BB14,'Main Data'!$D$1:$AE$1,0)) -> 146.4 | BO14: =(BN14-BM14)/BM14 -> 0.018080668
BB15: Personal care and effects | BC15: =INDEX('Main Data'!$D$1:$AE$373,MATCH(2019&'Question 4'!BC$2&"Rural",'Main Data'!$D$1:$D$373,0),MATCH('Question 4'!$BB15,'Main Data'!$D$1:$AE$1,0)) -> 134 | BD15: =INDEX('Main Data'!$D$1:$AE$373,MATCH(2020&'Question 4'!BD$2&"Rural",'Main Data'!$D$1:$D$373,0),MATCH('Question 4'!$BB15,'Main Data'!$D$1:$AE$1,0)) -> 143.4 | BE15: =(BD15-BC15)/BC15 -> 0.070149254 | BG15: Personal care and effects | BH15: =INDEX('Main Data'!$D$1:$AE$373,MATCH(2019&'Question 4'!BH$2&"Urban",'Main Data'!$D$1:$D$373,0),MATCH('Question 4'!$BB15,'Main Data'!$D$1:$AE$1,0)) -> 132.5 | BI15: =INDEX('Main Data'!$D$1:$AE$373,MATCH(2020&'Question 4'!BI$2&"Urban",'Main Data'!$D$1:$D$373,0),MATCH('Question 4'!$BB15,'Main Data'!$D$1:$AE$1,0)) -> 143.5 | BJ15: =(BI15-BH15)/BH15 -> 0.083018868 | BL15: Personal care and effects | BM15: =INDEX('Main Data'!$D$1:$AE$373,MATCH(2019&'Question 4'!BM$2&"Rural+Urban",'Main Data'!$D$1:$D$373,0),MATCH('Question 4'!$BB15,'Main Data'!$D$1:$AE$1,0)) -> 133.4 | BN15: =INDEX('Main Data'!$D$1:$AE$373,MATCH(2020&'Question 4'!BN$2&"Rural+Urban",'Main Data'!$D$1:$D$373,0),MATCH('Question 4'!$BB15,'Main Data'!$D$1:$AE$1,0)) -> 143.4 | BO15: =(BN15-BM15)/BM15 -> 0.074962519
AP16: Rural | AS16: Urban | AV16: Rural+Urban | BB16: Miscellaneous | BC16: =INDEX('Main Data'!$D$1:$AE$373,MATCH(2019&'Question 4'!BC$2&"Rural",'Main Data'!$D$1:$D$373,0),MATCH('Question 4'!$BB16,'Main Data'!$D$1:$AE$1,0)) -> 142.4 | BD16: =INDEX('Main Data'!$D$1:$AE$373,MATCH(2020&'Question 4'!BD$2&"Rural",'Main Data'!$D$1:$D$373,0),MATCH('Question 4'!$BB16,'Main Data'!$D$1:$AE$1,0)) -> 148.4 | BE16: =(BD16-BC16)/BC16 -> 0.042134831 | BG16: Miscellaneous | BH16: =INDEX('Main Data'!$D$1:$AE$373,MATCH(2019&'Question 4'!BH$2&"Urban",'Main Data'!$D$1:$D$373,0),MATCH('Question 4'!$BB16,'Main Data'!$D$1:$AE$1,0)) -> 132.8 | BI16: =INDEX('Main Data'!$D$1:$AE$373,MATCH(2020&'Question 4'!BI$2&"Urban",'Main Data'!$D$1:$D$373,0),MATCH('Question 4'!$BB16,'Main Data'!$D$1:$AE$1,0)) -> 138.4 | BJ16: =(BI16-BH16)/BH16 -> 0.042168675 | BL16: Miscellaneous | BM16: =INDEX('Main Data'!$D$1:$AE$373,MATCH(2019&'Question 4'!BM$2&"Rural+Urban",'Main Data'!$D$1:$D$373,0),MATCH('Question 4'!$BB16,'Main Data'!$D$1:$AE$1,0)) -> 137.7 | BN16: =INDEX('Main Data'!$D$1:$AE$373,MATCH(2020&'Question 4'!BN$2&"Rural+Urban",'Main Data'!$D$1:$D$373,0),MATCH('Question 4'!$BB16,'Main Data'!$D$1:$AE$1,0)) -> 143.6 | BO16: =(BN16-BM16)/BM16 -> 0.042846768
AP17: YoY | AQ17: Inflation | AS17: YoY | AT17: Inflation | AV17: YoY | AW17: Inflation | BB17: 2020-2021 Rural | BG17: 2020-2021 Urban | BL17: 2020-2021 Urban
AO18: Before | AP18: 2018-2019 | AQ18: 0.016312057 | AR18: Before | AS18: 2018-2019 | AT18: 0.033189033 | AU18: Before | AV18: 2018-2019 | AW18: 0.024303074 | BB18: Category | BC18: April | BD18: March | BE18: Inflation | BG18: Category | BH18: April | BI18: March | BJ18: Inflation | BL18: Category | BM18: April | BN18: March | BO18: Inflation
AP19: 2019-2020 | AQ19: 0.061170213 | AS19: 2019-2020 | AT19: 0.055517942 | AV19: 2019-2020 | AW19: 0.058350101 | BB19: Food and beverages | BC19: =INDEX('Main Data'!$D$1:$AE$373,MATCH(2020&"March"&"Rural",'Main Data'!$D$1:$D$373,0),MATCH('Question 4'!$BB19,'Main Data'!$D$1:$AE$1,0)) -> 148.2 | BD19: =INDEX('Main Data'!$D$1:$AE$373,MATCH(2021&'Question 4'!BD$18&"Rural",'Main Data'!$D$1:$D$373,0),MATCH('Question 4'!$BB19,'Main Data'!$D$1:$AE$1,0)) -> 154.5 | BE19: =(BD19-BC19)/BC19 -> 0.042510121 | BG19: Food and beverages | BH19: =INDEX('Main Data'!$D$1:$AE$373,MATCH(2020&"March"&"Urban",'Main Data'!$D$1:$D$373,0),MATCH('Question 4'!$BB19,'Main Data'!$D$1:$AE$1,0)) -> 150.1 | BI19: =INDEX('Main Data'!$D$1:$AE$373,MATCH(2021&'Question 4'!BI$18&"Urban",'Main Data'!$D$1:$D$373,0),MATCH('Question 4'!$BB19,'Main Data'!$D$1:$AE$1,0)) -> 160.4 | BJ19: =(BI19-BH19)/BH19 -> 0.068620919 | BL19: Food and beverages | BM19: =INDEX('Main Data'!$D$1:$AE$373,MATCH(2020&"March"&"Rural+Urban",'Main Data'!$D$1:$D$373,0),MATCH('Question 4'!$BB19,'Main Data'!$D$1:$AE$1,0)) -> 148.9 | BN19: =INDEX('Main Data'!$D$1:$AE$373,MATCH(2021&'Question 4'!BN$18&"Rural+Urban",'Main Data'!$D$1:$D$373,0),MATCH('Question 4'!$BB19,'Main Data'!$D$1:$AE$1,0)) -> 156.7 | BO19: =(BN19-BM19)/BM19 -> 0.05238415
AO20: After | AP20: 2020-2021 | AQ20: 0.044033184 | AR20: After | AS20: 2020-2021 | AT20: 0.061185468 | AU20: After | AV20: 2020-2021 | AW20: 0.052295918 | BB20: Pan, tobacco and intoxicants | BC20: =INDEX('Main Data'!$D$1:$AE$373,MATCH(2020&"march"&"Rural",'Main Data'!$D$1:$D$373,0),MATCH('Question 4'!$BB20,'Main Data'!$D$1:$AE$1,0)) -> 170.5 | BD20: =INDEX('Main Data'!$D$1:$AE$373,MATCH(2021&'Question 4'!BD$18&"Rural",'Main Data'!$D$1:$D$373,0),MATCH('Question 4'!$BB20,'Main Data'!$D$1:$AE$1,0)) -> 186.1 | BE20: =(BD20-BC20)/BC20 -> 0.091495601 | BG20: Pan, tobacco and intoxicants | BH20: =INDEX('Main Data'!$D$1:$AE$373,MATCH(2020&"March"&"Urban",'Main Data'!$D$1:$D$373,0),MATCH('Question 4'!$BB20,'Main Data'!$D$1:$AE$1,0)) -> 173.3 | BI20: =INDEX('Main Data'!$D$1:$AE$373,MATCH(2021&'Question 4'!BI$18&"Urban",'Main Data'!$D$1:$D$373,0),MATCH('Question 4'!$BB20,'Main Data'!$D$1:$AE$1,0)) -> 193.5 | BJ20: =(BI20-BH20)/BH20 -> 0.11656088 | BL20: Pan, tobacco and intoxicants | BM20: =INDEX('Main Data'!$D$1:$AE$373,MATCH(2020&"March"&"Rural+Urban",'Main Data'!$D$1:$D$373,0),MATCH('Question 4'!$BB20,'Main Data'!$D$1:$AE$1,0)) -> 171.2 | BN20: =INDEX('Main Data'!$D$1:$AE$373,MATCH(2021&'Question 4'!BN$18&"Rural+Urban",'Main Data'!$D$1:$D$373,0),MATCH('Question 4'!$BB20,'Main Data'!$D$1:$AE$1,0)) -> 188.1 | BO20: =(BN20-BM20)/BM20 -> 0.098714953
AP21: 2021-2022 | AQ21: 0.065797273 | AS21: 2021-2022 | AT21: 0.057657658 | AV21: 2021-2022 | AW21: 0.064997018 | BB21: Clothing and footwear | BC21: =INDEX('Main Data'!$D$1:$AE$373,MATCH(2020&"march"&"Rural",'Main Data'!$D$1:$D$373,0),MATCH('Question 4'!$BB21,'Main Data'!$D$1:$AE$1,0)) -> 152.5 | BD21: =INDEX('Main Data'!$D$1:$AE$373,MATCH(2021&'Question 4'!BD$18&"Rural",'Main Data'!$D$1:$D$373,0),MATCH('Question 4'!$BB21,'Main Data'!$D$1:$AE$1,0)) -> 158.9 | BE21: =(BD21-BC21)/BC21 -> 0.041967213 | BG21: Clothing and footwear | BH21: =INDEX('Main Data'!$D$1:$AE$373,MATCH(2020&"March"&"Urban",'Main Data'!$D$1:$D$373,0),MATCH('Question 4'!$BB21,'Main Data'!$D$1:$AE$1,0)) -> 145.6 | BI21: =INDEX('Main Data'!$D$1:$AE$373,MATCH(2021&'Question 4'!BI$18&"Urban",'Main Data'!$D$1:$D$373,0),MATCH('Question 4'!$BB21,'Main Data'!$D$1:$AE$1,0)) -> 152.6 | BJ21: =(BI21-BH21)/BH21 -> 0.048076923 | BL21: Clothing and footwear | BM21: =INDEX('Main Data'!$D$1:$AE$373,MATCH(2020&"March"&"Rural+Urban",'Main Data'!$D$1:$D$373,0),MATCH('Question 4'!$BB21,'Main Data'!$D$1:$AE$1,0)) -> 149.8 | BN21: =INDEX('Main Data'!$D$1:$AE$373,MATCH(2021&'Question 4'!BN$18&"Rural+Urban",'Main Data'!$D$1:$D$373,0),MATCH('Question 4'!$BB21,'Main Data'!$D$1:$AE$1,0)) -> 156.4 | BO21: =(BN21-BM21)/BM21 -> 0.044058745
BB22: Household goods and services | BC22: =INDEX('Main Data'!$D$1:$AE$373,MATCH(2020&"march"&"Rural",'Main Data'!$D$1:$D$373,0),MATCH('Question 4'!$BB22,'Main Data'!$D$1:$AE$1,0)) -> 151.5 | BD22: =INDEX('Main Data'!$D$1:$AE$373,MATCH(2021&'Question 4'!BD$18&"Rural",'Main Data'!$D$1:$D$373,0),MATCH('Question 4'!$BB22,'Main Data'!$D$1:$AE$1,0)) -> 154.8 | BE22: =(BD22-BC22)/BC22 -> 0.021782178 | BG22: Household goods and services | BH22: =INDEX('Main Data'!$D$1:$AE$373,MATCH(2020&"March"&"Urban",'Main Data'!$D$1:$D$373,0),MATCH('Question 4'!$BB22,'Main Data'!$D$1:$AE$1,0)) -> 140.8 | BI22: =INDEX('Main Data'!$D$1:$AE$373,MATCH(2021&'Question 4'!BI$18&"Urban",'Main Data'!$D$1:$D$373,0),MATCH('Question 4'!$BB22,'Main Data'!$D$1:$AE$1,0)) -> 147.2 | BJ22: =(BI22-BH22)/BH22 -> 0.045454545 | BL22: Household goods and services | BM22: =INDEX('Main Data'!$D$1:$AE$373,MATCH(2020&"March"&"Rural+Urban",'Main Data'!$D$1:$D$373,0),MATCH('Question 4'!$BB22,'Main Data'!$D$1:$AE$1,0)) -> 146.4 | BN22: =INDEX('Main Data'!$D$1:$AE$373,MATCH(2021&'Question 4'!BN$18&"Rural+Urban",'Main Data'!$D$1:$D$373,0),MATCH('Question 4'!$BB22,'Main Data'!$D$1:$AE$1,0)) -> 151.2 | BO22: =(BN22-BM22)/BM22 -> 0.032786885
BB23: Personal care and effects | BC23: =INDEX('Main Data'!$D$1:$AE$373,MATCH(2020&"march"&"Rural",'Main Data'!$D$1:$D$373,0),MATCH('Question 4'!$BB23,'Main Data'!$D$1:$AE$1,0)) -> 145.1 | BD23: =INDEX('Main Data'!$D$1:$AE$373,MATCH(2021&'Question 4'!BD$18&"Rural",'Main Data'!$D$1:$D$373,0),MATCH('Question 4'!$BB23,'Main Data'!$D$1:$AE$1,0)) -> 153.1 | BE23: =(BD23-BC23)/BC23 -> 0.05513439 | BG23: Personal care and effects | BH23: =INDEX('Main Data'!$D$1:$AE$373,MATCH(2020&"March"&"Urban",'Main Data'!$D$1:$D$373,0),MATCH('Question 4'!$BB23,'Main Data'!$D$1:$AE$1,0)) -> 145.3 | BI23: =INDEX('Main Data'!$D$1:$AE$373,MATCH(2021&'Question 4'!BI$18&"Urban",'Main Data'!$D$1:$D$373,0),MATCH('Question 4'!$BB23,'Main Data'!$D$1:$AE$1,0)) -> 154.9 | BJ23: =(BI23-BH23)/BH23 -> 0.0660702 | BL23: Personal care and effects | BM23: =INDEX('Main Data'!$D$1:$AE$373,MATCH(2020&"March"&"Rural+Urban",'Main Data'!$D$1:$D$373,0),MATCH('Question 4'!$BB23,'Main Data'!$D$1:$AE$1,0)) -> 145.2 | BN23: =INDEX('Main Data'!$D$1:$AE$373,MATCH(2021&'Question 4'!BN$18&"Rural+Urban",'Main Data'!$D$1:$D$373,0),MATCH('Question 4'!$BB23,'Main Data'!$D$1:$AE$1,0)) -> 153.8 | BO23: =(BN23-BM23)/BM23 -> 0.05922865
BB24: Miscellaneous | BC24: =INDEX('Main Data'!$D$1:$AE$373,MATCH(2020&"march"&"Rural",'Main Data'!$D$1:$D$373,0),MATCH('Question 4'!$BB24,'Main Data'!$D$1:$AE$1,0)) -> 148.6 | BD24: =INDEX('Main Data'!$D$1:$AE$373,MATCH(2021&'Question 4'!BD$18&"Rural",'Main Data'!$D$1:$D$373,0),MATCH('Question 4'!$BB24,'Main Data'!$D$1:$AE$1,0)) -> 157.3 | BE24: =(BD24-BC24)/BC24 -> 0.058546433 | BG24: Miscellaneous | BH24: =INDEX('Main Data'!$D$1:$AE$373,MATCH(2020&"March"&"Urban",'Main Data'!$D$1:$D$373,0),MATCH('Question 4'!$BB24,'Main Data'!$D$1:$AE$1,0)) -> 138.7 | BI24: =INDEX('Main Data'!$D$1:$AE$373,MATCH(2021&'Question 4'!BI$18&"Urban",'Main Data'!$D$1:$D$373,0),MATCH('Question 4'!$BB24,'Main Data'!$D$1:$AE$1,0)) -> 150 | BJ24: =(BI24-BH24)/BH24 -> 0.0814708 | BL24: Miscellaneous | BM24: =INDEX('Main Data'!$D$1:$AE$373,MATCH(2020&"March"&"Rural+Urban",'Main Data'!$D$1:$D$373,0),MATCH('Question 4'!$BB24,'Main Data'!$D$1:$AE$1,0)) -> 143.8 | BN24: =INDEX('Main Data'!$D$1:$AE$373,MATCH(2021&'Question 4'!BN$18&"Rural+Urban",'Main Data'!$D$1:$D$373,0),MATCH('Question 4'!$BB24,'Main Data'!$D$1:$AE$1,0)) -> 153.8 | BO24: =(BN24-BM24)/BM24 -> 0.069541029
BB25: 2021-2022 Rural | BG25: 2021-2022 Urban | BL25: 2021-2022 Urban
BB26: Category | BC26: April | BD26: March | BE26: Inflation | BG26: Category | BH26: April | BI26: March | BJ26: Inflation | BL26: Category | BM26: April | BN26: March | BO26: Inflation
BB27: Food and beverages | BC27: =INDEX('Main Data'!$D$1:$AE$373,MATCH(2021&BC$26&"Rural",'Main Data'!$D$1:$D$373,0),MATCH('Question 4'!$BB27,'Main Data'!$D$1:$AE$1,0)) -> 155.6 | BD27: =INDEX('Main Data'!$D$1:$AE$373,MATCH(2022&'Question 4'!BD$18&"Rural",'Main Data'!$D$1:$D$373,0),MATCH('Question 4'!$BB27,'Main Data'!$D$1:$AE$1,0)) -> 166.6 | BE27: =(BD27-BC27)/BC27 -> 0.070694087 | BG27: Food and beverages | BH27: =INDEX('Main Data'!$D$1:$AE$373,MATCH(2021&BH$26&"Urban",'Main Data'!$D$1:$D$373,0),MATCH('Question 4'!$BB27,'Main Data'!$D$1:$AE$1,0)) -> 162 | BI27: =INDEX('Main Data'!$D$1:$AE$373,MATCH(2022&'Question 4'!BI$18&"urban",'Main Data'!$D$1:$D$373,0),MATCH('Question 4'!$BB27,'Main Data'!$D$1:$AE$1,0)) -> 171.5 | BJ27: =(BI27-BH27)/BH27 -> 0.058641975 | BL27: Food and beverages | BM27: =INDEX('Main Data'!$D$1:$AE$373,MATCH(2021&BM$26&"Rural+Urban",'Main Data'!$D$1:$D$373,0),MATCH('Question 4'!$BB27,'Main Data'!$D$1:$AE$1,0)) -> 158 | BN27: =INDEX('Main Data'!$D$1:$AE$373,MATCH(2022&'Question 4'!BN$18&"Rural+urban",'Main Data'!$D$1:$D$373,0),MATCH('Question 4'!$BB27,'Main Data'!$D$1:$AE$1,0)) -> 168.4 | BO27: =(BN27-BM27)/BM27 -> 0.065822785
BB28: Pan, tobacco and intoxicants | BC28: =INDEX('Main Data'!$D$1:$AE$373,MATCH(2021&BC$26&"Rural",'Main Data'!$D$1:$D$373,0),MATCH('Question 4'!$BB28,'Main Data'!$D$1:$AE$1,0)) -> 186.8 | BD28: =INDEX('Main Data'!$D$1:$AE$373,MATCH(2022&'Question 4'!BD$18&"Rural",'Main Data'!$D$1:$D$373,0),MATCH('Question 4'!$BB28,'Main Data'!$D$1:$AE$1,0)) -> 192.3 | BE28: =(BD28-BC28)/BC28 -> 0.029443255 | BG28: Pan, tobacco and intoxicants | BH28: =INDEX('Main Data'!$D$1:$AE$373,MATCH(2021&BH$26&"Urban",'Main Data'!$D$1:$D$373,0),MATCH('Question 4'!$BB28,'Main Data'!$D$1:$AE$1,0)) -> 194.4 | BI28: =INDEX('Main Data'!$D$1:$AE$373,MATCH(2022&'Question 4'!BI$18&"urban",'Main Data'!$D$1:$D$373,0),MATCH('Question 4'!$BB28,'Main Data'!$D$1:$AE$1,0)) -> 197.5 | BJ28: =(BI28-BH28)/BH28 -> 0.015946502 | BL28: Pan, tobacco and intoxicants | BM28: =INDEX('Main Data'!$D$1:$AE$373,MATCH(2021&BM$26&"Rural+Urban",'Main Data'!$D$1:$D$373,0),MATCH('Question 4'!$BB28,'Main Data'!$D$1:$AE$1,0)) -> 188.8 | BN28: =INDEX('Main Data'!$D$1:$AE$373,MATCH(2022&'Question 4'!BN$18&"Rural+urban",'Main Data'!$D$1:$D$373,0),MATCH('Question 4'!$BB28,'Main Data'!$D$1:$AE$1,0)) -> 193.7 | BO28: =(BN28-BM28)/BM28 -> 0.02595339
BB29: Clothing and footwear | BC29: =INDEX('Main Data'!$D$1:$AE$373,MATCH(2021&BC$26&"Rural",'Main Data'!$D$1:$D$373,0),MATCH('Question 4'!$BB29,'Main Data'!$D$1:$AE$1,0)) -> 159.9 | BD29: =INDEX('Main Data'!$D$1:$AE$373,MATCH(2022&'Question 4'!BD$18&"Rural",'Main Data'!$D$1:$D$373,0),MATCH('Question 4'!$BB29,'Main Data'!$D$1:$AE$1,0)) -> 175.1 | BE29: =(BD29-BC29)/BC29 -> 0.095059412 | BG29: Clothing and footwear | BH29: =INDEX('Main Data'!$D$1:$AE$373,MATCH(2021&BH$26&"Urban",'Main Data'!$D$1:$D$373,0),MATCH('Question 4'!$BB29,'Main Data'!$D$1:$AE$1,0)) -> 153.4 | BI29: =INDEX('Main Data'!$D$1:$AE$373,MATCH(2022&'Question 4'!BI$18&"urban",'Main Data'!$D$1:$D$373,0),MATCH('Question 4'!$BB29,'Main Data'!$D$1:$AE$1,0)) -> 164.9 | BJ29: =(BI29-BH29)/BH29 -> 0.074967405 | BL29: Clothing and footwear | BM29: =INDEX('Main Data'!$D$1:$AE$373,MATCH(2021&BM$26&"Rural+Urban",'Main Data'!$D$1:$D$373,0),MATCH('Question 4'!$BB29,'Main Data'!$D$1:$AE$1,0)) -> 157.3 | BN29: =INDEX('Main Data'!$D$1:$AE$373,MATCH(2022&'Question 4'!BN$18&"Rural+urban",'Main Data'!$D$1:$D$373,0),MATCH('Question 4'!$BB29,'Main Data'!$D$1:$AE$1,0)) -> 171.1 | BO29: =(BN29-BM29)/BM29 -> 0.087730451
BB30: Household goods and services | BC30: =INDEX('Main Data'!$D$1:$AE$373,MATCH(2021&BC$26&"Rural",'Main Data'!$D$1:$D$373,0),MATCH('Question 4'!$BB30,'Main Data'!$D$1:$AE$1,0)) -> 155.5 | BD30: =INDEX('Main Data'!$D$1:$AE$373,MATCH(2022&'Question 4'!BD$18&"Rural",'Main Data'!$D$1:$D$373,0),MATCH('Question 4'!$BB30,'Main Data'!$D$1:$AE$1,0)) -> 166.5 | BE30: =(BD30-BC30)/BC30 -> 0.07073955 | BG30: Household goods and services | BH30: =INDEX('Main Data'!$D$1:$AE$373,MATCH(2021&BH$26&"Urban",'Main Data'!$D$1:$D$373,0),MATCH('Question 4'!$BB30,'Main Data'!$D$1:$AE$1,0)) -> 147.6 | BI30: =INDEX('Main Data'!$D$1:$AE$373,MATCH(2022&'Question 4'!BI$18&"urban",'Main Data'!$D$1:$D$373,0),MATCH('Question 4'!$BB30,'Main Data'!$D$1:$AE$1,0)) -> 158.6 | BJ30: =(BI30-BH30)/BH30 -> 0.074525745 | BL30: Household goods and services | BM30: =INDEX('Main Data'!$D$1:$AE$373,MATCH(2021&BM$26&"Rural+Urban",'Main Data'!$D$1:$D$373,0),MATCH('Question 4'!$BB30,'Main Data'!$D$1:$AE$1,0)) -> 151.8 | BN30: =INDEX('Main Data'!$D$1:$AE$373,MATCH(2022&'Question 4'!BN$18&"Rural+urban",'Main Data'!$D$1:$D$373,0),MATCH('Question 4'!$BB30,'Main Data'!$D$1:$AE$1,0)) -> 162.8 | BO30: =(BN30-BM30)/BM30 -> 0.072463768
BB31: Personal care and effects | BC31: =INDEX('Main Data'!$D$1:$AE$373,MATCH(2021&BC$26&"Rural",'Main Data'!$D$1:$D$373,0),MATCH('Question 4'!$BB31,'Main Data'!$D$1:$AE$1,0)) -> 154.6 | BD31: =INDEX('Main Data'!$D$1:$AE$373,MATCH(2022&'Question 4'!BD$18&"Rural",'Main Data'!$D$1:$D$373,0),MATCH('Question 4'!$BB31,'Main Data'!$D$1:$AE$1,0)) -> 167.4 | BE31: =(BD31-BC31)/BC31 -> 0.082794308 | BG31: Personal care and effects | BH31: =INDEX('Main Data'!$D$1:$AE$373,MATCH(2021&BH$26&"Urban",'Main Data'!$D$1:$D$373,0),MATCH('Question 4'!$BB31,'Main Data'!$D$1:$AE$1,0)) -> 156.6 | BI31: =INDEX('Main Data'!$D$1:$AE$373,MATCH(2022&'Question 4'!BI$18&"urban",'Main Data'!$D$1:$D$373,0),MATCH('Question 4'!$BB31,'Main Data'!$D$1:$AE$1,0)) -> 166.8 | BJ31: =(BI31-BH31)/BH31 -> 0.0651341 | BL31: Personal care and effects | BM31: =INDEX('Main Data'!$D$1:$AE$373,MATCH(2021&BM$26&"Rural+Urban",'Main Data'!$D$1:$D$373,0),MATCH('Question 4'!$BB31,'Main Data'!$D$1:$AE$1,0)) -> 155.4 | BN31: =INDEX('Main Data'!$D$1:$AE$373,MATCH(2022&'Question 4'!BN$18&"Rural+urban",'Main Data'!$D$1:$D$373,0),MATCH('Question 4'!$BB31,'Main Data'!$D$1:$AE$1,0)) -> 167.2 | BO31: =(BN31-BM31)/BM31 -> 0.075933076
BB32: Miscellaneous | BC32: =INDEX('Main Data'!$D$1:$AE$373,MATCH(2021&BC$26&"Rural",'Main Data'!$D$1:$D$373,0),MATCH('Question 4'!$BB32,'Main Data'!$D$1:$AE$1,0)) -> 158 | BD32: =INDEX('Main Data'!$D$1:$AE$373,MATCH(2022&'Question 4'!BD$18&"Rural",'Main Data'!$D$1:$D$373,0),MATCH('Question 4'!$BB32,'Main Data'!$D$1:$AE$1,0)) -> 168.3 | BE32: =(BD32-BC32)/BC32 -> 0.065189873 | BG32: Miscellaneous | BH32: =INDEX('Main Data'!$D$1:$AE$373,MATCH(2021&BH$26&"Urban",'Main Data'!$D$1:$D$373,0),MATCH('Question 4'!$BB32,'Main Data'!$D$1:$AE$1,0)) -> 150.5 | BI32: =INDEX('Main Data'!$D$1:$AE$373,MATCH(2022&'Question 4'!BI$18&"urban",'Main Data'!$D$1:$D$373,0),MATCH('Question 4'!$BB32,'Main Data'!$D$1:$AE$1,0)) -> 160.6 | BJ32: =(BI32-BH32)/BH32 -> 0.067109635 | BL32: Miscellaneous | BM32: =INDEX('Main Data'!$D$1:$AE$373,MATCH(2021&BM$26&"Rural+Urban",'Main Data'!$D$1:$D$373,0),MATCH('Question 4'!$BB32,'Main Data'!$D$1:$AE$1,0)) -> 154.4 | BN32: =INDEX('Main Data'!$D$1:$AE$373,MATCH(2022&'Question 4'!BN$18&"Rural+urban",'Main Data'!$D$1:$D$373,0),MATCH('Question 4'!$BB32,'Main Data'!$D$1:$AE$1,0)) -> 164.6 | BO32: =(BN32-BM32)/BM32 -> 0.066062176
BB33: Rural
BB34: YoY | BC34: Food and beverages | BD34: Pan, tobacco and intoxicants | BE34: Clothing and footwear | BF34: Household goods and services | BG34: Personal care and effects | BH34: Miscellaneous
BB35: 2018-2019 | BC35: -0.01010101 | BD35: 0.04964539 | BE35: 0.010788941 | BF35: 0.072909221 | BG35: 0.043310131 | BH35: 0.066766692
BB36: 2019-2020 | BC36: 0.091041515 | BD36: 0.03990178 | BE36: 0.014656895 | BF36: 0.012 | BG36: 0.070149254 | BH36: 0.042134831
BB37: 2020-2021 | BC37: 0.042510121 | BD37: 0.091495601 | BE37: 0.041967213 | BF37: 0.021782178 | BG37: 0.05513439 | BH37: 0.058546433
BB38: 2021-2022 | BC38: 0.070694087 | BD38: 0.029443255 | BE38: 0.095059412 | BF38: 0.07073955 | BG38: 0.082794308 | BH38: 0.065189873
BB40: Urban
BB41: YoY | BC41: Food and beverages | BD41: Pan, tobacco and intoxicants | BE41: Clothing and footwear | BF41: Household goods and services | BG41: Personal care and effects | BH41: Miscellaneous
BB42: 2018-2019 | BC42: 0.023738872 | BD42: 0.032561052 | BE42: 0.045857988 | BF42: 0.044342508 | BG42: 0.049723757 | BH42: 0.041699449
BB43: 2019-2020 | BC43: 0.086676218 | BD43: 0.040532365 | BE43: 0.025423729 | BF43: 0.026315789 | BG43: 0.083018868 | BH43: 0.042168675
BB44: 2020-2021 | BC44: 0.068620919 | BD44: 0.11656088 | BE44: 0.048076923 | BF44: 0.045454545 | BG44: 0.0660702 | BH44: 0.0814708
BB45: 2021-2022 | BC45: 0.058641975 | BD45: 0.015946502 | BE45: 0.074967405 | BF45: 0.074525745 | BG45: 0.0651341 | BH45: 0.067109635
BB47: Rural+Urban
BB48: YoY | BC48: Food and beverages | BD48: Pan, tobacco and intoxicants | BE48: Clothing and footwear | BF48: Household goods and services | BG48: Personal care and effects | BH48: Miscellaneous
BB49: 2018-2019 | BC49: 0.0021865889 | BD49: 0.045425464 | BE49: 0.023759609 | BF49: 0.059734513 | BG49: 0.046021841 | BH49: 0.054489639
BB50: 2019-2020 | BC50: 0.089790007 | BD50: 0.040366972 | BE50: 0.019086571 | BF50: 0.018080668 | BG50: 0.074962519 | BH50: 0.042846768
BB51: 2020-2021 | BC51: 0.05238415 | BD51: 0.098714953 | BE51: 0.044058745 | BF51: 0.032786885 | BG51: 0.05922865 | BH51: 0.069541029
BB52: 2021-2022 | BC52: 0.065822785 | BD52: 0.02595339 | BE52: 0.087730451 | BF52: 0.072463768 | BG52: 0.075933076 | BH52: 0.066062176

Sheet Question 5
N5: Month | O5: 44166 | P5: 44197 | Q5: 44228 | R5: 44256 | S5: 44287 | T5: 44317 | U5: 44348 | V5: 44378 | W5: 44409 | X5: 44440 | Y5: 44470 | Z5: 44501 | AA5: 44531 | AB5: 44562 | AC5: 44593 | AD5: 44621 | AE5: 44652 | AF5: 44682 | AG5: 44713 | AH5: 44743 | AI5: 44774 | AJ5: 44805 | AK5: 44835 | AL5: 44866 | AM5: 44896
N6: Price (USD/barrel) | O6: 43.92 | P6: 49.47 | Q6: 56.44 | R6: 60.43 | S6: 59.87 | T6: 62.8 | U6: 68.58 | V6: 70.12 | W6: 65.68 | X6: 69.09 | Y6: 78.51 | Z6: 76.45 | AA6: 70.56 | AB6: 80.33 | AC6: 89.41 | AD6: 107.07 | AE6: 103.34 | AF6: 108.29 | AG6: 113.77 | AH6: 100.84 | AI6: 93.76 | AJ6: 84.62 | AK6: 86.61 | AL6: 84.43 | AM6: 76.45
K10: Month-Year | L10: Sector | M10: Category | N10: Co-Re | O10: December-2020 | P10: January-2021 | Q10: February-2021 | R10: March-2021 | S10: April-2021 | T10: May-2021 | U10: June-2021 | V10: July-2021 | W10: August-2021 | X10: September-2021 | Y10: October-2021 | Z10: November-2021 | AA10: December-2021 | AB10: January-2022 | AC10: February-2022 | AD10: March-2022 | AE10: April-2022 | AF10: May-2022 | AG10: June-2022 | AH10: July-2022 | AI10: August-2022 | AJ10: September-2022 | AK10: October-2022 | AL10: November-2022 | AM10: December-2022
K11: Cereals and products | L11: Rural+Urban | M11: Food | N11: =CORREL(O11:AM11,$O$6:$AM$6) -> 0.52381097 | O11: 146 | P11: 144.9 | Q11: 144.3 | R11: 144.1 | S11: 144.3 | T11: 146.3 | U11: 146.7 | V11: 146.4 | W11: 146.6 | X11: 146.6 | Y11: 147.4 | Z11: 148.2 | AA11: 148.7 | AB11: 149.5 | AC11: 150 | AD11: 151.3 | AE11: 152.9 | AF11: 154.1 | AG11: 155 | AH11: 156.5 | AI11: 160.3 | AJ11: 163.5 | AK11: 165.2 | AL11: 167.4 | AM11: 169.2
A12: Insight | K12: Meat and fish | L12: Rural+Urban | M12: Food | N12: =CORREL(O12:AM12,$O$6:$AM$6) -> 0.87105421 | O12: 191 | P12: 190.1 | Q12: 186.5 | R12: 192.2 | S12: 198 | T12: 200.5 | U12: 202 | V12: 206.8 | W12: 204 | X12: 204 | Y12: 204.6 | Z12: 201.6 | AA12: 198.8 | AB12: 198.7 | AC12: 200.6 | AD12: 210.7 | AE12: 211.8 | AF12: 217 | AG12: 219.4 | AH12: 213 | AI12: 206.5 | AJ12: 209.2 | AK12: 210.9 | AL12: 209.4 | AM12: 209
A13: Meat and Fish price are highly dependent on the curde oil compare to the other categories. | K13: Egg | L13: Rural+Urban | M13: Food | N13: =CORREL(O13:AM13,$O$6:$AM$6) -> -0.20964966 | O13: 175.3 | P13: 175.3 | Q13: 168.7 | R13: 163.8 | S13: 164.6 | T13: 170.3 | U13: 180.7 | V13: 182.2 | W13: 172.8 | X13: 172.8 | Y13: 171.2 | Z13: 173 | AA13: 177.9 | AB13: 178.8 | AC13: 175.8 | AD13: 167.8 | AE13: 164.5 | AF13: 162.4 | AG13: 170.8 | AH13: 175.2 | AI13: 169.2 | AJ13: 169.7 | AK13: 170.9 | AL13: 181.4 | AM13: 190.2
K14: Milk and products | L14: Rural+Urban | M14: Food | N14: =CORREL(O14:AM14,$O$6:$AM$6) -> 0.66667865 | O14: 154.1 | P14: 154.1 | Q14: 154.7 | R14: 154.9 | S14: 155.4 | T14: 156.1 | U14: 156.2 | V14: 157.5 | W14: 158.4 | X14: 158.4 | Y14: 158.7 | Z14: 159.3 | AA14: 159.9 | AB14: 160.5 | AC14: 160.7 | AD14: 162.2 | AE14: 163.9 | AF14: 164.9 | AG14: 165.8 | AH14: 166.6 | AI14: 168.1 | AJ14: 169.7 | AK14: 170.9 | AL14: 172.3 | AM14: 173.6
K15: Oils and fats | L15: Rural+Urban | M15: Food | N15: =CORREL(O15:AM15,$O$6:$AM$6) -> 0.86380034 | O15: 146.6 | P15: 150.9 | Q15: 158.7 | R15: 163.9 | S15: 170.1 | T15: 178.7 | U15: 183.7 | V15: 182.1 | W15: 188 | X15: 188 | Y15: 190.6 | Z15: 190.1 | AA15: 187.6 | AB15: 184.7 | AC15: 184.9 | AD15: 194.6 | AE15: 199.5 | AF15: 202.4 | AG15: 200.9 | AH15: 195.8 | AI15: 192.4 | AJ15: 188.7 | AK15: 186.5 | AL15: 188.9 | AM15: 188.5
K16: Fruits | L16: Rural+Urban | M16: Food | N16: =CORREL(O16:AM16,$O$6:$AM$6) -> 0.66297628 | O16: 147.7 | P16: 149.6 | Q16: 150.7 | R16: 153.7 | S16: 164.4 | T16: 167.1 | U16: 164.6 | V16: 163.9 | W16: 156.8 | X16: 156.7 | Y16: 155.7 | Z16: 156.5 | AA16: 154.9 | AB16: 153.7 | AC16: 153.7 | AD16: 157.6 | AE16: 172.6 | AF16: 171 | AG16: 169.7 | AH16: 174.2 | AI16: 172.9 | AJ16: 165.7 | AK16: 163.8 | AL16: 160.7 | AM16: 158
K17: Vegetables | L17: Rural+Urban | M17: Food | N17: =CORREL(O17:AM17,$O$6:$AM$6) -> 0.021900968 | O17: 230.5 | P17: 194.2 | Q17: 160 | R17: 149.5 | S17: 144.1 | T17: 147.9 | U17: 155.4 | V17: 164.2 | W17: 162.2 | X17: 162.3 | Y17: 185.3 | Z17: 199.2 | AA17: 188.3 | AB17: 174.3 | AC17: 169.7 | AD17: 166.9 | AE17: 166.2 | AF17: 174.9 | AG17: 182.3 | AH17: 182.1 | AI17: 186.7 | AJ17: 191.8 | AK17: 199.7 | AL17: 183.1 | AM17: 159.9
K18: Pulses and products | L18: Rural+Urban | M18: Food | N18: =CORREL(O18:AM18,$O$6:$AM$6) -> 0.43922163 | O18: 160.2 | P18: 160.4 | Q18: 158.8 | R18: 159.8 | S18: 161.7 | T18: 165.4 | U18: 166 | V18: 164 | W18: 164.1 | X18: 164.1 | Y18: 165.2 | Z18: 165.3 | AA18: 164.4 | AB18: 163.9 | AC18: 163.7 | AD18: 163.9 | AE18: 164.7 | AF18: 164.7 | AG18: 164.3 | AH18: 164.3 | AI18: 167.2 | AJ18: 169.1 | AK18: 169.8 | AL18: 170.5 | AM18: 170.8
K19: Sugar and Confectionery | L19: Rural+Urban | M19: Food | N19: =CORREL(O19:AM19,$O$6:$AM$6) -> 0.58882538 | O19: 115.3 | P19: 114.6 | Q19: 112.8 | R19: 112.6 | S19: 113.1 | T19: 114.8 | U19: 115.1 | V19: 114.5 | W19: 119.7 | X19: 119.7 | Y19: 121.9 | Z19: 122.4 | AA19: 121 | AB19: 120 | AC19: 118.9 | AD19: 118.8 | AE19: 119 | AF19: 119.7 | AG19: 119.9 | AH19: 120 | AI19: 120.9 | AJ19: 121.6 | AK19: 121.9 | AL19: 122.1 | AM19: 121.8
K20: Spices | L20: Rural+Urban | M20: Food | N20: =CORREL(O20:AM20,$O$6:$AM$6) -> 0.6175935 | O20: 163 | P20: 164 | Q20: 164.2 | R20: 163.5 | S20: 163.9 | T20: 168.2 | U20: 168.5 | V20: 168.3 | W20: 168.8 | X20: 168.8 | Y20: 169.3 | Z20: 169.6 | AA20: 170.5 | AB20: 172.1 | AC20: 174.3 | AD20: 177.4 | AE20: 181.3 | AF20: 184.9 | AG20: 187.1 | AH20: 190 | AI20: 193.6 | AJ20: 197.3 | AK20: 199.9 | AL20: 202.8 | AM20: 205.2
K21: Non-alcoholic beverages | L21: Rural+Urban | M21: Luxury | N21: =CORREL(O21:AM21,$O$6:$AM$6) -> 0.79666987 | O21: 149.2 | P21: 151.8 | Q21: 155.5 | R21: 156.5 | S21: 157.6 | T21: 159.3 | U21: 160 | V21: 160.9 | W21: 162.7 | X21: 162.7 | Y21: 163.2 | Z21: 163.7 | AA21: 164.2 | AB21: 164.3 | AC21: 164.7 | AD21: 165.3 | AE21: 166.2 | AF21: 167.1 | AG21: 167.9 | AH21: 168.4 | AI21: 168.8 | AJ21: 169.4 | AK21: 169.9 | AL21: 170.4 | AM21: 171
K22: Prepared meals, snacks, sweets etc. | L22: Rural+Urban | M22: Food | N22: =CORREL(O22:AM22,$O$6:$AM$6) -> 0.75510459 | O22: 164.8 | P22: 165.6 | Q22: 167.5 | R22: 168.2 | S22: 168.9 | T22: 170.4 | U22: 172.4 | V22: 172.2 | W22: 173.9 | X22: 173.9 | Y22: 174.7 | Z22: 175.5 | AA22: 176.5 | AB22: 177.3 | AC22: 178 | AD22: 179.3 | AE22: 180.9 | AF22: 182.5 | AG22: 183.9 | AH22: 185.2 | AI22: 186.3 | AJ22: 187.4 | AK22: 188.3 | AL22: 189.5 | AM22: 190.3
K23: Food and beverages | L23: Rural+Urban | M23: Food | N23: =CORREL(O23:AM23,$O$6:$AM$6) -> 0.69075351 | O23: 165.4 | P23: 161 | Q23: 156.9 | R23: 156.7 | S23: 158 | T23: 160.7 | U23: 162.6 | V23: 164 | W23: 164 | X23: 164 | Y23: 167.7 | Z23: 169.7 | AA23: 168.2 | AB23: 166.4 | AC23: 166.2 | AD23: 168.4 | AE23: 170.8 | AF23: 173.3 | AG23: 174.9 | AH23: 175 | AI23: 176.3 | AJ23: 177.8 | AK23: 179.6 | AL23: 178.3 | AM23: 175.9
K24: Pan, tobacco and intoxicants | L24: Rural+Urban | M24: Luxury | N24: =CORREL(O24:AM24,$O$6:$AM$6) -> 0.74454152 | O24: 185.4 | P24: 186.5 | Q24: 188.3 | R24: 188.1 | S24: 188.8 | T24: 191.9 | U24: 190.8 | V24: 191.2 | W24: 192.1 | X24: 192.1 | Y24: 192.7 | Z24: 192.9 | AA24: 192.4 | AB24: 192.2 | AC24: 192.8 | AD24: 193.7 | AE24: 193.9 | AF24: 194.1 | AG24: 194.3 | AH24: 194.6 | AI24: 195 | AJ24: 195.9 | AK24: 196.3 | AL24: 196.9 | AM24: 197.3
K25: Clothing | L25: Rural+Urban | M25: Clothing | N25: =CORREL(O25:AM25,$O$6:$AM$6) -> 0.76917753 | O25: 155 | P25: 155.5 | Q25: 157.2 | R25: 157.8 | S25: 158.8 | T25: 161.8 | U25: 162.2 | V25: 162.8 | W25: 164.5 | X25: 164.6 | Y25: 165.7 | Z25: 167.2 | AA25: 168.5 | AB25: 169.9 | AC25: 170.8 | AD25: 172.1 | AE25: 173.9 | AF25: 175.6 | AG25: 177.1 | AH25: 178.3 | AI25: 179.5 | AJ25: 180.9 | AK25: 181.9 | AL25: 183.1 | AM25: 184
... K36: Miscellaneous | L36: Rural+Urban | M36: Miscekkaneous | N36: =CORREL(O36:AM36,$O$6:$AM$6) -> 0.80154487 | O36: 151.2 | P36: 151.9 | Q36: 153.4 | R36: 153.8 | S36: 154.4 | T36: 156.8 | U36: 157.6 | V36: 159 | W36: 160 | X36: 160 | Y36: 161 | Z36: 161.4 | AA36: 162 | AB36: 162.7 | AC36: 163.5 | AD36: 164.6 | AE36: 166.8 | AF36: 167.5 | AG36: 167.5 | AH36: 168.4 | AI36: 169.1 | AJ36: 169.7 | AK36: 170.5 | AL36: 171.1 | AM36: 172

Sheet Insight
B1: Year | C1: General Index | D1: Inflation
B2: 2013 | C2: 114.5 | D2: =((C2-C1)/C1)*100 -> #VALUE!
B3: 2014 | C3: 119.4 | D3: =((C3-C2)/C2)*100 -> 4.279476
B4: 2015 | C4: 126.1 | D4: =((C4-C3)/C3)*100 -> 5.6113903
B5: 2016 | C5: 130.4 | D5: =((C5-C4)/C4)*100 -> 3.4099921
B6: 2017 | C6: 137.2 | D6: =((C6-C5)/C5)*100 -> 5.2147239
B7: 2018 | C7: 140.1 | D7: =((C7-C6)/C6)*100 -> 2.1137026
B8: 2019 | C8: 150.4 | D8: =((C8-C7)/C7)*100 -> 7.3518915
B9: 2020 | C9: 158.9 | D9: =((C9-C8)/C8)*100 -> 5.6515957
B10: 2021 | C10: 166.2 | D10: =((C10-C9)/C9)*100 -> 4.5940843
B11: 2022 | C11: 175.7 | D11: =((C11-C10)/C10)*100 -> 5.7160048
B12: 2023 | C12: #N/A | D12: =((C12-C11)/C11)*100 -> #N/A
E22: According to the inflaction rate there is high inflation between 2019 to 2020 the reason we says is covid 19
